date,score
2008-09-09,6.042
2008-09-10,6.028
2008-09-11,6.02
2008-09-12,6.028
2008-09-13,6.035
2008-09-14,6.04
2008-09-15,6.004
2008-09-16,6.011
2008-09-17,6.02
2008-09-18,6.034
2008-09-19,6.063
2008-09-20,6.081
2008-09-21,6.066
2008-09-22,6.031
2008-09-23,6.01
2008-09-24,6.007
2008-09-25,6.011
2008-09-26,5.991
2008-09-27,6.041
2008-09-28,6.042
2008-09-29,5.964
2008-09-30,5.998
2008-10-01,6.01
2008-10-02,5.993
2008-10-03,6.017
2008-10-04,6.068
2008-10-05,6.06
2008-10-06,6.004
2008-10-07,5.973
2008-10-08,6.005
2008-10-09,6.023
2008-10-10,6.033
2008-10-11,6.064
2008-10-12,6.058
2008-10-13,6.03
2008-10-14,6.016
2008-10-15,6.005
2008-10-16,6.012
2008-10-17,6.057
2008-10-18,6.073
2008-10-19,6.069
2008-10-20,6.028
2008-10-21,6.026
2008-10-22,6.03
2008-10-23,6.031
2008-10-24,6.044
2008-10-25,6.07
2008-10-26,6.064
2008-10-27,6.019
2008-10-28,6.027
2008-10-29,6.031
2008-10-30,6.034
2008-10-31,6.065
2008-11-01,6.074
2008-11-02,6.067
2008-11-03,6.024
2008-11-04,6.03
2008-11-05,6.055
2008-11-06,6.052
2008-11-07,6.074
2008-11-08,6.097
2008-11-09,6.099
2008-11-10,6.059
2008-11-11,6.065
2008-11-12,6.061
2008-11-13,6.042
2008-11-14,6.075
2008-11-15,6.088
2008-11-16,6.086
2008-11-17,6.049
2008-11-18,6.052
2008-11-19,6.056
2008-11-20,6.061
2008-11-21,6.085
2008-11-22,6.109
2008-11-23,6.103
2008-11-24,6.067
2008-11-25,6.076
2008-11-26,6.085
2008-11-27,6.193
2008-11-28,6.079
2008-11-29,6.093
2008-11-30,6.086
2008-12-01,6.058
2008-12-02,6.054
2008-12-03,6.063
2008-12-04,6.065
2008-12-05,6.086
2008-12-06,6.118
2008-12-07,6.109
2008-12-08,6.06
2008-12-09,6.052
2008-12-10,6.065
2008-12-11,6.066
2008-12-12,6.087
2008-12-13,6.121
2008-12-14,6.104
2008-12-15,6.065
2008-12-16,6.064
2008-12-17,6.064
2008-12-18,6.047
2008-12-19,6.089
2008-12-20,6.13
2008-12-21,6.119
2008-12-22,6.093
2008-12-23,6.116
2008-12-24,6.255
2008-12-25,6.376
2008-12-26,6.147
2008-12-27,6.094
2008-12-28,6.081
2008-12-29,6.073
2008-12-30,6.079
2008-12-31,6.151
2009-01-01,6.193
2009-01-02,6.086
2009-01-03,6.072
2009-01-04,6.067
2009-01-05,6.051
2009-01-06,6.044
2009-01-07,6.041
2009-01-08,6.037
2009-01-09,6.062
2009-01-10,6.084
2009-01-11,6.081
2009-01-12,6.048
2009-01-13,6.052
2009-01-14,6.039
2009-01-15,6.034
2009-01-16,6.063
2009-01-17,6.092
2009-01-18,6.086
2009-01-19,6.07
2009-01-20,6.065
2009-01-21,6.036
2009-01-22,6.043
2009-01-23,6.07
2009-01-24,6.085
2009-01-25,6.093
2009-01-26,6.056
2009-01-27,6.04
2009-01-28,6.027
2009-01-29,6.041
2009-01-30,6.07
2009-01-31,6.087
2009-02-01,6.085
2009-02-02,6.045
2009-02-03,6.04
2009-02-04,6.038
2009-02-05,6.036
2009-02-06,6.066
2009-02-07,6.087
2009-02-08,6.082
2009-02-09,6.037
2009-02-10,6.033
2009-02-11,6.04
2009-02-12,6.052
2009-02-13,6.078
2009-02-14,6.167
2009-02-15,6.098
2009-02-16,6.06
2009-02-17,6.041
2009-02-18,6.037
2009-02-19,6.044
2009-02-20,6.074
2009-02-21,6.089
2009-02-22,6.08
2009-02-23,6.051
2009-02-24,6.04
2009-02-25,6.036
2009-02-26,6.042
2009-02-27,6.073
2009-02-28,6.088
2009-03-01,6.08
2009-03-02,6.049
2009-03-03,6.039
2009-03-04,6.053
2009-03-05,6.059
2009-03-06,6.088
2009-03-07,6.099
2009-03-08,6.081
2009-03-09,6.06
2009-03-10,6.052
2009-03-11,6.053
2009-03-12,6.062
2009-03-13,6.09
2009-03-14,6.102
2009-03-15,6.095
2009-03-16,6.077
2009-03-17,6.107
2009-03-18,6.052
2009-03-19,6.047
2009-03-20,6.057
2009-03-21,6.105
2009-03-22,6.091
2009-03-23,6.059
2009-03-24,6.06
2009-03-25,6.063
2009-03-26,6.058
2009-03-27,6.085
2009-03-28,6.101
2009-03-29,6.095
2009-03-30,6.063
2009-03-31,6.029
2009-04-01,6.046
2009-04-02,6.072
2009-04-03,6.103
2009-04-04,6.108
2009-04-05,6.101
2009-04-06,6.065
2009-04-07,6.067
2009-04-08,6.072
2009-04-09,6.083
2009-04-10,6.118
2009-04-11,6.123
2009-04-12,6.188
2009-04-13,6.071
2009-04-14,6.075
2009-04-15,6.061
2009-04-16,6.081
2009-04-17,6.111
2009-04-18,6.123
2009-04-19,6.109
2009-04-20,6.084
2009-04-21,6.079
2009-04-22,6.088
2009-04-23,6.083
2009-04-24,6.112
2009-04-25,6.103
2009-04-26,6.08
2009-04-27,6.018
2009-04-28,6.015
2009-04-29,6.012
2009-04-30,6.011
2009-05-01,6.07
2009-05-02,6.087
2009-05-03,6.082
2009-05-04,6.054
2009-05-05,6.059
2009-05-06,6.072
2009-05-07,6.086
2009-05-08,6.107
2009-05-09,6.095
2009-05-10,6.095
2009-05-11,6.084
2009-05-12,6.068
2009-05-13,6.036
2009-05-14,6.009
2009-05-15,6.014
2009-05-16,6.014
2009-05-17,6.014
2009-05-18,6.014
2009-05-19,6.014
2009-05-20,6.015
2009-05-21,6.062
2009-05-22,6.096
2009-05-23,6.105
2009-05-24,6.107
2009-05-25,6.098
2009-05-26,6.057
2009-05-27,6.065
2009-05-28,6.081
2009-05-29,6.106
2009-05-30,6.114
2009-05-31,6.095
2009-06-01,6.071
2009-06-02,6.075
2009-06-03,6.078
2009-06-04,6.076
2009-06-05,6.105
2009-06-06,6.109
2009-06-07,6.098
2009-06-08,6.073
2009-06-09,6.059
2009-06-10,6.057
2009-06-11,6.05
2009-06-12,6.094
2009-06-13,6.092
2009-06-14,6.086
2009-06-15,6.066
2009-06-16,6.058
2009-06-17,6.065
2009-06-18,6.067
2009-06-19,6.092
2009-06-20,6.077
2009-06-21,6.147
2009-06-22,6.053
2009-06-23,6.052
2009-06-24,6.054
2009-06-25,5.935
2009-06-26,6.032
2009-06-27,6.085
2009-06-28,6.041
2009-06-29,6.054
2009-06-30,6.059
2009-07-01,6.076
2009-07-02,6.078
2009-07-03,6.105
2009-07-04,6.157
2009-07-05,6.093
2009-07-06,6.06
2009-07-07,6.035
2009-07-08,6.057
2009-07-09,6.074
2009-07-10,6.097
2009-07-11,6.088
2009-07-12,6.083
2009-07-13,6.068
2009-07-14,6.077
2009-07-15,6.066
2009-07-16,6.07
2009-07-17,6.079
2009-07-18,6.094
2009-07-19,6.1
2009-07-20,6.079
2009-07-21,6.071
2009-07-22,6.072
2009-07-23,6.06
2009-07-24,6.082
2009-07-25,6.095
2009-07-26,6.083
2009-07-27,6.069
2009-07-28,6.064
2009-07-29,6.061
2009-07-30,6.085
2009-07-31,6.086
2009-08-01,6.081
2009-08-02,6.089
2009-08-06,6.042
2009-08-07,6.079
2009-08-08,6.083
2009-08-09,6.062
2009-08-10,6.065
2009-08-11,6.067
2009-08-12,6.066
2009-08-13,6.067
2009-08-14,6.093
2009-08-15,6.106
2009-08-16,6.082
2009-08-17,6.07
2009-08-18,6.06
2009-08-19,6.066
2009-08-20,6.072
2009-08-21,6.084
2009-08-22,6.105
2009-08-23,6.095
2009-08-24,6.072
2009-08-25,6.071
2009-08-26,6.063
2009-08-27,6.073
2009-08-28,6.083
2009-08-29,6.088
2009-08-30,6.086
2009-08-31,6.074
2009-09-01,6.072
2009-09-02,6.067
2009-09-03,6.065
2009-09-04,6.102
2009-09-05,6.103
2009-09-06,6.095
2009-09-07,6.09
2009-09-08,6.072
2009-09-09,6.073
2009-09-10,6.069
2009-09-11,6.076
2009-09-12,6.082
2009-09-13,6.042
2009-09-14,6.018
2009-09-15,6.043
2009-09-16,6.075
2009-09-17,6.061
2009-09-18,6.099
2009-09-19,6.092
2009-09-20,6.075
2009-09-21,6.066
2009-09-22,6.059
2009-09-23,6.064
2009-09-24,6.065
2009-09-25,6.095
2009-09-26,6.082
2009-09-27,6.068
2009-09-28,6.056
2009-09-29,6.045
2009-09-30,6.052
2009-10-01,6.066
2009-10-02,6.094
2009-10-03,6.087
2009-10-04,6.072
2009-10-05,6.055
2009-10-06,6.058
2009-10-07,6.036
2009-10-08,6.057
2009-10-09,6.112
2009-10-10,6.089
2009-10-11,6.072
2009-10-12,6.062
2009-10-13,6.057
2009-10-14,6.054
2009-10-15,6.054
2009-10-16,6.079
2009-10-17,6.075
2009-10-18,6.052
2009-10-19,6.053
2009-10-20,6.048
2009-10-21,6.049
2009-10-22,6.046
2009-10-23,6.083
2009-10-24,6.069
2009-10-25,6.058
2009-10-26,6.058
2009-10-27,6.047
2009-10-28,6.049
2009-10-29,6.049
2009-10-30,6.084
2009-10-31,6.104
2009-11-01,6.064
2009-11-02,6.06
2009-11-03,6.046
2009-11-04,6.056
2009-11-05,6.053
2009-11-06,6.074
2009-11-07,6.07
2009-11-08,6.064
2009-11-09,6.059
2009-11-10,6.058
2009-11-11,6.078
2009-11-12,6.113
2009-11-13,6.098
2009-11-14,6.085
2009-11-15,6.066
2009-11-16,6.069
2009-11-17,6.068
2009-11-18,6.069
2009-11-19,6.056
2009-11-20,6.095
2009-11-21,6.087
2009-11-22,6.08
2009-11-23,6.077
2009-11-24,6.078
2009-11-25,6.126
2009-11-26,6.243
2009-11-27,6.121
2009-11-28,6.095
2009-11-29,6.086
2009-11-30,6.08
2009-12-01,6.075
2009-12-02,6.066
2009-12-03,6.084
2009-12-04,6.101
2009-12-05,6.098
2009-12-06,6.089
2009-12-07,6.081
2009-12-08,6.07
2009-12-09,6.072
2009-12-10,6.079
2009-12-11,6.113
2009-12-12,6.107
2009-12-13,6.092
2009-12-14,6.082
2009-12-15,6.076
2009-12-16,6.081
2009-12-17,6.081
2009-12-18,6.112
2009-12-21,6.09
2009-12-22,6.102
2009-12-23,6.122
2009-12-24,6.259
2009-12-25,6.343
2009-12-26,6.123
2009-12-27,6.072
2009-12-28,6.071
2009-12-29,6.06
2009-12-30,6.059
2009-12-31,6.174
2010-01-01,6.179
2010-01-02,6.079
2010-01-03,6.045
2010-01-04,6.053
2010-01-05,6.041
2010-01-06,6.049
2010-01-07,6.043
2010-01-08,6.067
2010-01-09,6.063
2010-01-10,6.06
2010-01-11,6.052
2010-01-12,6.044
2010-01-13,6.039
2010-01-14,6.047
2010-01-15,6.085
2010-01-16,6.079
2010-01-17,6.077
2010-01-18,6.07
2010-01-19,6.041
2010-01-20,6.053
2010-01-21,6.057
2010-01-22,6.085
2010-01-23,6.083
2010-01-24,6.059
2010-01-25,6.064
2010-01-26,6.051
2010-01-27,6.064
2010-01-28,6.055
2010-01-29,6.087
2010-01-30,6.073
2010-01-31,6.065
2010-02-01,6.065
2010-02-02,6.048
2010-02-03,6.063
2010-02-04,6.06
2010-02-05,6.081
2010-02-06,6.081
2010-02-07,6.094
2010-02-08,6.064
2010-02-09,6.046
2010-02-10,6.04
2010-02-11,6.056
2010-02-12,6.098
2010-02-13,6.107
2010-02-14,6.186
2010-02-15,6.078
2010-02-16,6.059
2010-02-17,6.05
2010-02-18,6.052
2010-02-19,6.086
2010-02-20,6.089
2010-02-21,6.08
2010-02-22,6.064
2010-02-23,6.053
2010-02-24,6.048
2010-02-25,6.053
2010-02-26,6.078
2010-02-27,6.036
2010-02-28,6.08
2010-03-01,6.07
2010-03-02,6.048
2010-03-03,6.054
2010-03-04,6.064
2010-03-05,6.096
2010-03-06,6.094
2010-03-07,6.082
2010-03-08,6.07
2010-03-09,6.058
2010-03-10,6.056
2010-03-11,6.06
2010-03-12,6.09
2010-03-13,6.084
2010-03-14,6.067
2010-03-15,6.063
2010-03-16,6.061
2010-03-17,6.076
2010-03-18,6.063
2010-03-19,6.095
2010-03-20,6.08
2010-03-21,6.059
2010-03-22,6.057
2010-03-23,6.055
2010-03-24,6.06
2010-03-25,6.065
2010-03-26,6.095
2010-03-27,6.052
2010-03-28,6.076
2010-03-29,6.031
2010-03-30,6.056
2010-03-31,6.06
2010-04-01,6.07
2010-04-02,6.105
2010-04-03,6.106
2010-04-04,6.126
2010-04-05,6.069
2010-04-06,6.059
2010-04-07,6.061
2010-04-08,6.068
2010-04-09,6.1
2010-04-10,6.083
2010-04-11,6.077
2010-04-12,6.068
2010-04-13,6.066
2010-04-14,6.065
2010-04-15,6.062
2010-04-16,6.089
2010-04-17,6.085
2010-04-18,6.065
2010-04-19,6.059
2010-04-20,6.063
2010-04-21,6.071
2010-04-22,6.072
2010-04-23,6.09
2010-04-24,6.086
2010-04-25,6.071
2010-04-26,6.057
2010-04-27,6.056
2010-04-28,6.058
2010-04-29,6.059
2010-04-30,6.095
2010-05-01,6.078
2010-05-02,6.061
2010-05-03,6.053
2010-05-04,6.046
2010-05-05,6.062
2010-05-06,6.052
2010-05-07,6.091
2010-05-08,6.104
2010-05-09,6.173
2010-05-10,6.047
2010-05-11,6.049
2010-05-12,6.061
2010-05-13,6.063
2010-05-14,6.084
2010-05-15,6.085
2010-05-16,6.074
2010-05-17,6.054
2010-05-18,6.054
2010-05-19,6.064
2010-05-20,6.07
2010-05-21,6.095
2010-05-22,6.087
2010-05-23,6.055
2010-05-24,6.034
2010-05-25,6.056
2010-05-26,6.064
2010-05-27,6.066
2010-05-28,6.085
2010-05-29,6.086
2010-05-30,6.083
2010-05-31,6.056
2010-06-01,6.063
2010-06-02,6.064
2010-06-03,6.062
2010-06-04,6.089
2010-06-05,6.085
2010-06-06,6.07
2010-06-07,6.068
2010-06-08,6.056
2010-06-09,6.064
2010-06-10,6.071
2010-06-11,6.096
2010-06-12,6.096
2010-06-13,6.069
2010-06-14,6.071
2010-06-15,6.05
2010-06-16,6.061
2010-06-17,6.073
2010-06-18,6.09
2010-06-19,6.1
2010-06-20,6.143
2010-06-21,6.079
2010-06-22,6.056
2010-06-23,6.054
2010-06-24,6.067
2010-06-25,6.082
2010-06-26,6.075
2010-06-27,6.035
2010-06-28,6.064
2010-06-29,6.063
2010-06-30,6.069
2010-07-01,6.077
2010-07-02,6.083
2010-07-03,6.092
2010-07-04,6.125
2010-07-05,6.077
2010-07-06,6.064
2010-07-07,6.064
2010-07-08,6.053
2010-07-09,6.09
2010-07-10,6.089
2010-07-11,6.089
2010-07-12,6.065
2010-07-13,6.066
2010-07-14,6.066
2010-07-15,6.075
2010-07-16,6.089
2010-07-17,6.084
2010-07-18,6.078
2010-07-19,6.067
2010-07-20,6.066
2010-07-21,6.068
2010-07-22,6.078
2010-07-23,6.089
2010-07-24,6.087
2010-07-25,6.078
2010-07-26,6.072
2010-07-27,6.075
2010-07-28,6.07
2010-07-29,6.08
2010-07-30,6.092
2010-07-31,6.103
2010-08-01,6.095
2010-08-02,6.071
2010-08-03,6.062
2010-08-04,6.077
2010-08-05,6.068
2010-08-06,6.09
2010-08-07,6.087
2010-08-08,6.08
2010-08-09,6.075
2010-08-10,6.069
2010-08-11,6.078
2010-08-12,6.072
2010-08-13,6.095
2010-08-14,6.094
2010-08-15,6.092
2010-08-16,6.074
2010-08-17,6.064
2010-08-18,6.064
2010-08-19,6.066
2010-08-20,6.091
2010-08-21,6.081
2010-08-22,6.078
2010-08-23,6.059
2010-08-24,6.067
2010-08-25,6.064
2010-08-26,6.072
2010-08-27,6.089
2010-08-28,6.074
2010-08-29,6.08
2010-08-30,6.054
2010-08-31,6.053
2010-09-01,6.065
2010-09-02,6.054
2010-09-03,6.081
2010-09-04,6.095
2010-09-05,6.08
2010-09-06,6.069
2010-09-07,6.05
2010-09-08,6.06
2010-09-09,6.054
2010-09-10,6.072
2010-09-11,6.059
2010-09-12,6.055
2010-09-13,6.063
2010-09-14,6.065
2010-09-15,6.066
2010-09-16,6.055
2010-09-17,6.081
2010-09-18,6.075
2010-09-19,6.058
2010-09-20,6.051
2010-09-21,6.043
2010-09-22,6.05
2010-09-23,6.042
2010-09-24,6.078
2010-09-25,6.073
2010-09-26,6.059
2010-09-27,6.054
2010-09-28,6.047
2010-09-29,6.054
2010-09-30,6.062
2010-10-01,6.088
2010-10-02,6.08
2010-10-03,6.057
2010-10-04,6.057
2010-10-05,6.056
2010-10-06,6.062
2010-10-07,6.065
2010-10-08,6.093
2010-10-09,6.083
2010-10-10,6.074
2010-10-11,6.063
2010-10-12,6.059
2010-10-13,6.063
2010-10-14,6.063
2010-10-15,6.083
2010-10-16,6.08
2010-10-17,6.06
2010-10-18,6.053
2010-10-19,6.046
2010-10-20,6.046
2010-10-21,6.058
2010-10-22,6.076
2010-10-23,6.069
2010-10-24,6.069
2010-10-25,6.057
2010-10-26,6.037
2010-10-27,6.048
2010-10-28,6.061
2010-10-29,6.079
2010-10-30,6.067
2010-10-31,6.073
2010-11-01,6.06
2010-11-02,6.04
2010-11-03,6.037
2010-11-04,6.055
2010-11-05,6.087
2010-11-06,6.08
2010-11-07,6.072
2010-11-08,6.059
2010-11-09,6.055
2010-11-10,6.062
2010-11-11,6.07
2010-11-12,6.082
2010-11-13,6.074
2010-11-14,6.065
2010-11-15,6.068
2010-11-16,6.069
2010-11-17,6.073
2010-11-18,6.072
2010-11-19,6.089
2010-11-20,6.082
2010-11-21,6.065
2010-11-22,6.074
2010-11-23,6.066
2010-11-24,6.092
2010-11-25,6.194
2010-11-26,6.103
2010-11-27,6.074
2010-11-28,6.06
2010-11-29,6.062
2010-11-30,6.065
2010-12-01,6.063
2010-12-02,6.064
2010-12-03,6.087
2010-12-04,6.082
2010-12-05,6.082
2010-12-06,6.065
2010-12-07,6.065
2010-12-08,6.066
2010-12-09,6.06
2010-12-10,6.086
2010-12-11,6.083
2010-12-12,6.057
2010-12-13,6.056
2010-12-14,6.068
2010-12-15,6.064
2010-12-16,6.067
2010-12-17,6.09
2010-12-18,6.082
2010-12-19,6.077
2010-12-20,6.068
2010-12-21,6.093
2010-12-22,6.088
2010-12-23,6.117
2010-12-24,6.266
2010-12-25,6.303
2010-12-26,6.083
2010-12-27,6.057
2010-12-28,6.048
2010-12-29,6.038
2010-12-30,6.059
2010-12-31,6.199
2011-01-01,6.157
2011-01-02,6.049
2011-01-03,6.033
2011-01-04,6.036
2011-01-05,6.04
2011-01-06,6.044
2011-01-07,6.062
2011-01-08,6.016
2011-01-09,6.021
2011-01-10,6.016
2011-01-11,6.013
2011-01-12,6.019
2011-01-13,6.027
2011-01-14,6.059
2011-01-15,6.046
2011-01-16,6.045
2011-01-17,6.041
2011-01-18,6.021
2011-01-19,6.037
2011-01-20,6.034
2011-01-21,6.057
2011-01-22,6.06
2011-01-23,6.037
2011-01-24,6.025
2011-01-25,6.029
2011-01-26,6.031
2011-01-27,6.029
2011-01-28,6.052
2011-01-29,6.054
2011-01-30,6.036
2011-01-31,6.031
2011-02-01,6.027
2011-02-02,6.022
2011-02-03,6.031
2011-02-04,6.061
2011-02-05,6.054
2011-02-06,6.049
2011-02-07,6.038
2011-02-08,6.035
2011-02-09,6.042
2011-02-10,6.04
2011-02-11,6.079
2011-02-12,6.07
2011-02-13,6.08
2011-02-14,6.172
2011-02-15,6.048
2011-02-16,6.036
2011-02-17,6.035
2011-02-18,6.051
2011-02-19,6.044
2011-02-20,6.038
2011-02-21,6.018
2011-02-22,6.015
2011-02-23,6.029
2011-02-24,6.029
2011-02-25,6.051
2011-02-26,6.052
2011-02-27,6.051
2011-02-28,6.037
2011-03-01,6.072
2011-03-02,6.038
2011-03-03,6.04
2011-03-04,6.068
2011-03-05,6.051
2011-03-06,6.035
2011-03-07,6.032
2011-03-08,6.045
2011-03-09,6.028
2011-03-10,6.025
2011-03-11,5.969
2011-03-12,6.02
2011-03-13,6.015
2011-03-14,6.013
2011-03-15,6.009
2011-03-16,6.009
2011-03-17,6.044
2011-03-18,6.058
2011-03-19,6.047
2011-03-20,6.027
2011-03-21,6.028
2011-03-22,6.027
2011-03-23,6.02
2011-03-24,6.027
2011-03-25,6.056
2011-03-26,6.043
2011-03-27,6.034
2011-03-28,6.025
2011-03-29,6.018
2011-03-30,6.029
2011-03-31,6.033
2011-04-01,6.04
2011-04-02,6.052
2011-04-03,6.051
2011-04-04,6.031
2011-04-05,6.024
2011-04-06,6.033
2011-04-07,6.016
2011-04-08,6.039
2011-04-09,6.047
2011-04-10,6.034
2011-04-11,6.024
2011-04-12,6.023
2011-04-13,6.024
2011-04-14,6.026
2011-04-15,6.054
2011-04-16,6.037
2011-04-17,6.03
2011-04-18,6.024
2011-04-19,6.021
2011-04-20,6.035
2011-04-21,6.043
2011-04-22,6.059
2011-04-23,6.052
2011-04-24,6.089
2011-04-25,6.017
2011-04-26,6.021
2011-04-27,6.009
2011-04-28,6.022
2011-04-29,6.087
2011-04-30,6.053
2011-05-01,5.988
2011-05-02,5.927
2011-05-03,6.003
2011-05-04,6.013
2011-05-05,6.021
2011-05-06,6.047
2011-05-07,6.042
2011-05-08,6.102
2011-05-09,6.014
2011-05-10,6.021
2011-05-11,6.007
2011-05-12,6.011
2011-05-13,6.039
2011-05-14,6.038
2011-05-15,6.015
2011-05-16,6.005
2011-05-17,6.018
2011-05-18,6.014
2011-05-19,6.021
2011-05-20,6.028
2011-05-21,6.017
2011-05-22,6.028
2011-05-23,6.015
2011-05-24,6.003
2011-05-25,6.01
2011-05-26,6.009
2011-05-27,6.043
2011-05-28,6.039
2011-05-29,6.022
2011-05-30,6.015
2011-05-31,6.005
2011-06-01,6.014
2011-06-02,6.014
2011-06-03,6.038
2011-06-04,6.031
2011-06-05,6.017
2011-06-06,5.996
2011-06-07,6.003
2011-06-08,5.999
2011-06-09,6.008
2011-06-10,6.024
2011-06-11,6.03
2011-06-12,6.008
2011-06-13,6.007
2011-06-14,6.014
2011-06-15,6.011
2011-06-16,6.008
2011-06-17,6.031
2011-06-18,6.038
2011-06-19,6.081
2011-06-20,5.999
2011-06-21,6.01
2011-06-22,5.997
2011-06-23,5.999
2011-06-24,6.027
2011-06-25,6.025
2011-06-26,6.0
2011-06-27,6.006
2011-06-28,6.004
2011-06-29,6.005
2011-06-30,6.014
2011-07-01,6.043
2011-07-02,6.024
2011-07-03,6.019
2011-07-04,6.042
2011-07-05,5.958
2011-07-06,6.002
2011-07-07,6.002
2011-07-08,6.016
2011-07-09,6.014
2011-07-10,6.006
2011-07-11,6.004
2011-07-12,6.004
2011-07-13,5.996
2011-07-14,6.008
2011-07-15,6.021
2011-07-16,6.02
2011-07-17,6.002
2011-07-18,5.989
2011-07-19,5.994
2011-07-20,5.998
2011-07-21,6.001
2011-07-22,6.016
2011-07-23,5.948
2011-07-24,5.996
2011-07-25,5.981
2011-07-26,6.005
2011-07-27,5.999
2011-07-28,5.996
2011-07-29,6.014
2011-07-30,6.013
2011-07-31,6.001
2011-08-01,5.99
2011-08-02,5.988
2011-08-03,5.99
2011-08-04,5.996
2011-08-05,6.015
2011-08-06,5.998
2011-08-07,6.004
2011-08-08,5.95
2011-08-09,5.95
2011-08-10,5.978
2011-08-11,5.984
2011-08-12,6.017
2011-08-13,6.002
2011-08-14,5.999
2011-08-15,5.996
2011-08-16,6.0
2011-08-17,6.003
2011-08-18,5.994
2011-08-19,6.021
2011-08-20,6.014
2011-08-21,5.995
2011-08-22,5.995
2011-08-23,5.944
2011-08-24,5.992
2011-08-25,5.98
2011-08-26,6.002
2011-08-27,5.975
2011-08-28,5.982
2011-08-29,6.008
2011-08-30,5.992
2011-08-31,5.998
2011-09-01,6.0
2011-09-02,6.02
2011-09-03,6.006
2011-09-04,5.999
2011-09-05,5.989
2011-09-06,5.984
2011-09-07,5.981
2011-09-08,5.99
2011-09-09,6.02
2011-09-10,6.003
2011-09-11,5.958
2011-09-12,5.976
2011-09-13,5.982
2011-09-14,5.994
2011-09-15,5.996
2011-09-16,6.028
2011-09-17,6.004
2011-09-18,5.974
2011-09-19,5.979
2011-09-20,5.984
2011-09-21,5.944
2011-09-22,5.977
2011-09-23,6.016
2011-09-24,6.004
2011-09-25,5.974
2011-09-26,5.971
2011-09-27,5.989
2011-09-28,5.984
2011-09-29,5.988
2011-09-30,6.016
2011-10-01,6.014
2011-10-02,5.989
2011-10-03,5.979
2011-10-04,5.983
2011-10-05,5.987
2011-10-06,5.985
2011-10-07,6.013
2011-10-08,6.001
2011-10-09,5.992
2011-10-10,5.981
2011-10-11,5.962
2011-10-12,5.975
2011-10-13,5.987
2011-10-14,6.027
2011-10-15,6.015
2011-10-16,5.989
2011-10-17,5.985
2011-10-18,5.991
2011-10-19,5.989
2011-10-20,5.978
2011-10-21,6.009
2011-10-22,6.002
2011-10-23,5.977
2011-10-24,5.984
2011-10-25,5.984
2011-10-26,5.98
2011-10-27,5.991
2011-10-28,6.018
2011-10-29,5.997
2011-10-30,5.981
2011-10-31,6.005
2011-11-01,5.994
2011-11-02,5.996
2011-11-03,5.991
2011-11-04,6.021
2011-11-05,6.013
2011-11-06,5.995
2011-11-07,5.97
2011-11-08,5.978
2011-11-09,5.976
2011-11-10,5.991
2011-11-11,6.036
2011-11-12,6.005
2011-11-13,5.981
2011-11-14,5.972
2011-11-15,5.98
2011-11-16,5.978
2011-11-17,5.986
2011-11-18,6.012
2011-11-19,5.993
2011-11-20,5.991
2011-11-21,5.99
2011-11-22,5.995
2011-11-23,6.025
2011-11-24,6.146
2011-11-25,6.026
2011-11-26,5.997
2011-11-27,5.969
2011-11-28,5.971
2011-11-29,5.98
2011-11-30,5.993
2011-12-01,6.001
2011-12-02,6.02
2011-12-03,6.008
2011-12-04,5.991
2011-12-05,5.984
2011-12-06,5.984
2011-12-07,5.988
2011-12-08,5.991
2011-12-09,6.022
2011-12-10,6.029
2011-12-11,5.999
2011-12-12,5.992
2011-12-13,6.0
2011-12-14,5.998
2011-12-15,5.999
2011-12-16,6.02
2011-12-17,6.016
2011-12-18,5.998
2011-12-19,5.996
2011-12-20,5.999
2011-12-21,6.018
2011-12-22,6.019
2011-12-23,6.046
2011-12-24,6.177
2011-12-25,6.251
2011-12-26,6.032
2011-12-27,5.985
2011-12-28,5.982
2011-12-29,5.98
2011-12-30,6.002
2011-12-31,6.11
2012-01-01,6.058
2012-01-02,5.975
2012-01-03,5.968
2012-01-04,5.97
2012-01-05,5.973
2012-01-06,5.991
2012-01-07,5.988
2012-01-08,5.977
2012-01-09,5.976
2012-01-10,5.972
2012-01-11,5.988
2012-01-12,5.985
2012-01-13,6.006
2012-01-14,5.993
2012-01-15,5.98
2012-01-16,5.961
2012-01-17,5.967
2012-01-18,5.955
2012-01-19,5.97
2012-01-20,5.994
2012-01-21,5.982
2012-01-22,5.969
2012-01-23,5.967
2012-01-24,5.971
2012-01-25,5.974
2012-01-26,5.979
2012-01-27,6.006
2012-01-28,5.996
2012-01-29,5.972
2012-01-30,5.965
2012-01-31,5.979
2012-02-01,5.982
2012-02-02,5.988
2012-02-03,6.017
2012-02-04,6.008
2012-02-05,6.007
2012-02-06,5.978
2012-02-07,5.983
2012-02-08,5.981
2012-02-09,5.988
2012-02-10,6.012
2012-02-11,5.968
2012-02-12,5.979
2012-02-13,6.003
2012-02-14,6.126
2012-02-15,5.977
2012-02-16,5.984
2012-02-17,6.005
2012-02-18,5.972
2012-02-19,5.972
2012-02-20,5.97
2012-02-21,5.984
2012-02-22,5.972
2012-02-23,5.97
2012-02-24,6.001
2012-02-25,5.998
2012-02-26,5.981
2012-02-27,5.973
2012-02-28,5.974
2012-02-29,5.977
2012-03-01,6.031
2012-03-02,6.0
2012-03-03,5.992
2012-03-04,5.974
2012-03-05,5.967
2012-03-06,5.972
2012-03-07,5.977
2012-03-08,5.999
2012-03-09,6.006
2012-03-10,6.006
2012-03-11,5.988
2012-03-12,5.974
2012-03-13,5.98
2012-03-14,5.992
2012-03-15,5.993
2012-03-16,6.004
2012-03-17,6.03
2012-03-18,6.002
2012-03-19,5.966
2012-03-20,5.98
2012-03-21,5.981
2012-03-22,5.982
2012-03-23,5.999
2012-03-24,6.001
2012-03-25,5.984
2012-03-26,5.967
2012-03-27,5.978
2012-03-28,5.982
2012-03-29,5.974
2012-03-30,6.003
2012-03-31,5.999
2012-04-01,5.978
2012-04-02,5.979
2012-04-03,5.975
2012-04-04,5.985
2012-04-05,5.99
2012-04-06,6.009
2012-04-07,6.009
2012-04-08,6.045
2012-04-09,5.968
2012-04-10,5.958
2012-04-11,5.945
2012-04-12,5.968
2012-04-13,6.003
2012-04-14,5.994
2012-04-15,5.969
2012-04-16,5.962
2012-04-17,5.972
2012-04-18,5.967
2012-04-19,5.973
2012-04-20,6.007
2012-04-21,6.008
2012-04-22,5.983
2012-04-23,5.966
2012-04-24,5.975
2012-04-25,5.97
2012-04-26,5.981
2012-04-27,6.003
2012-04-28,5.991
2012-04-29,5.967
2012-04-30,5.958
2012-05-01,5.968
2012-05-02,5.97
2012-05-03,5.976
2012-05-04,5.997
2012-05-05,6.001
2012-05-06,5.973
2012-05-07,5.954
2012-05-08,5.961
2012-05-09,5.966
2012-05-10,5.977
2012-05-11,6.0
2012-05-12,6.018
2012-05-13,6.086
2012-05-14,5.96
2012-05-15,5.956
2012-05-16,5.961
2012-05-17,5.964
2012-05-18,6.0
2012-05-19,5.999
2012-05-20,5.975
2012-05-21,5.954
2012-05-22,5.956
2012-05-23,5.968
2012-05-24,5.974
2012-05-25,6.0
2012-05-26,6.0
2012-05-27,5.985
2012-05-28,5.974
2012-05-29,5.944
2012-05-30,5.955
2012-05-31,5.977
2012-06-01,5.994
2012-06-02,5.998
2012-06-03,5.964
2012-06-04,5.966
2012-06-05,5.964
2012-06-06,5.969
2012-06-07,5.97
2012-06-08,5.992
2012-06-09,5.983
2012-06-10,5.964
2012-06-11,5.971
2012-06-12,5.962
2012-06-13,5.964
2012-06-14,5.956
2012-06-15,5.984
2012-06-16,5.992
2012-06-17,6.037
2012-06-18,5.969
2012-06-19,5.947
2012-06-20,5.963
2012-06-21,5.961
2012-06-22,5.978
2012-06-23,5.981
2012-06-24,5.961
2012-06-25,5.953
2012-06-26,5.966
2012-06-27,5.97
2012-06-28,5.965
2012-06-29,5.994
2012-06-30,5.965
2012-07-01,5.968
2012-07-02,5.963
2012-07-03,5.967
2012-07-04,6.016
2012-07-05,5.968
2012-07-06,5.975
2012-07-07,5.979
2012-07-08,5.962
2012-07-09,5.95
2012-07-10,5.969
2012-07-11,5.963
2012-07-12,5.966
2012-07-13,5.98
2012-07-14,5.977
2012-07-15,5.977
2012-07-16,5.966
2012-07-17,5.96
2012-07-18,5.959
2012-07-19,5.969
2012-07-20,5.942
2012-07-21,5.974
2012-07-22,5.986
2012-07-23,5.973
2012-07-24,5.961
2012-07-25,5.97
2012-07-26,5.963
2012-07-27,6.01
2012-07-28,5.994
2012-07-29,5.984
2012-07-30,5.966
2012-07-31,5.986
2012-08-01,5.987
2012-08-02,5.987
2012-08-03,6.0
2012-08-04,6.004
2012-08-05,5.984
2012-08-06,5.969
2012-08-07,5.979
2012-08-08,5.975
2012-08-09,5.983
2012-08-10,5.989
2012-08-11,5.993
2012-08-12,5.998
2012-08-13,5.961
2012-08-14,5.971
2012-08-15,5.973
2012-08-16,5.982
2012-08-17,5.99
2012-08-18,5.987
2012-08-19,5.976
2012-08-20,5.973
2012-08-21,5.957
2012-08-22,5.959
2012-08-23,5.977
2012-08-24,5.985
2012-08-25,5.984
2012-08-26,5.971
2012-08-27,5.962
2012-08-28,5.978
2012-08-29,6.005
2012-08-30,5.988
2012-08-31,6.007
2012-09-01,6.001
2012-09-02,5.978
2012-09-03,5.96
2012-09-04,5.968
2012-09-05,5.966
2012-09-06,5.986
2012-09-07,6.007
2012-09-08,5.992
2012-09-09,5.974
2012-09-10,5.964
2012-09-11,5.954
2012-09-12,5.978
2012-09-13,6.001
2012-09-14,5.999
2012-09-15,5.998
2012-09-16,5.974
2012-09-17,5.961
2012-09-18,5.967
2012-09-19,5.977
2012-09-20,5.988
2012-09-21,6.013
2012-09-22,6.0
2012-09-23,5.968
2012-09-24,5.953
2012-09-25,5.958
2012-09-26,5.971
2012-09-27,5.972
2012-09-28,6.006
2012-09-29,6.005
2012-09-30,5.97
2012-10-01,5.968
2012-10-02,5.959
2012-10-03,5.942
2012-10-04,5.972
2012-10-05,6.001
2012-10-06,6.001
2012-10-07,5.988
2012-10-08,5.97
2012-10-09,5.96
2012-10-10,5.96
2012-10-11,5.964
2012-10-12,5.991
2012-10-13,5.984
2012-10-14,5.96
2012-10-15,5.952
2012-10-16,5.928
2012-10-17,5.961
2012-10-18,5.972
2012-10-19,5.993
2012-10-20,6.002
2012-10-21,5.968
2012-10-22,5.943
2012-10-23,5.959
2012-10-24,5.963
2012-10-25,5.971
2012-10-26,5.991
2012-10-27,5.98
2012-10-28,5.938
2012-10-29,5.926
2012-10-30,5.946
2012-10-31,5.993
2012-11-01,5.97
2012-11-02,5.992
2012-11-03,5.988
2012-11-04,5.954
2012-11-05,5.96
2012-11-06,5.931
2012-11-07,5.963
2012-11-08,5.975
2012-11-09,5.999
2012-11-10,5.992
2012-11-11,5.98
2012-11-12,5.97
2012-11-13,5.97
2012-11-14,5.973
2012-11-15,5.966
2012-11-16,5.988
2012-11-17,5.993
2012-11-18,5.975
2012-11-19,5.966
2012-11-20,5.979
2012-11-21,5.987
2012-11-22,6.126
2012-11-23,6.014
2012-11-24,5.989
2012-11-25,5.964
2012-11-26,5.963
2012-11-27,5.968
2012-11-28,5.97
2012-11-29,5.975
2012-11-30,6.021
2012-12-01,6.018
2012-12-02,5.973
2012-12-03,5.968
2012-12-04,5.977
2012-12-05,5.977
2012-12-06,5.981
2012-12-07,6.001
2012-12-08,6.0
2012-12-09,5.975
2012-12-10,5.966
2012-12-11,5.971
2012-12-12,5.982
2012-12-13,5.993
2012-12-14,5.894
2012-12-15,5.972
2012-12-16,5.958
2012-12-17,5.955
2012-12-18,5.971
2012-12-19,5.971
2012-12-20,5.968
2012-12-21,5.995
2012-12-22,6.001
2012-12-23,6.025
2012-12-24,6.17
2012-12-25,6.237
2012-12-26,5.993
2012-12-27,5.964
2012-12-28,5.964
2012-12-29,5.953
2012-12-30,5.957
2012-12-31,6.1
2013-01-01,6.03
2013-01-02,5.944
2013-01-03,5.946
2013-01-04,5.966
2013-01-05,5.963
2013-01-06,5.94
2013-01-07,5.943
2013-01-08,5.948
2013-01-09,5.971
2013-01-10,5.949
2013-01-11,5.987
2013-01-12,5.998
2013-01-13,5.965
2013-01-14,5.946
2013-01-15,5.947
2013-01-16,5.947
2013-01-17,5.953
2013-01-18,5.976
2013-01-19,5.982
2013-01-20,5.95
2013-01-21,5.947
2013-01-22,5.938
2013-01-23,5.942
2013-01-24,5.956
2013-01-25,5.977
2013-01-26,5.984
2013-01-27,5.958
2013-01-28,5.95
2013-01-29,5.959
2013-01-30,5.95
2013-01-31,5.967
2013-02-01,6.016
2013-02-02,5.995
2013-02-03,5.986
2013-02-04,5.956
2013-02-05,5.96
2013-02-06,5.971
2013-02-07,5.964
2013-02-08,5.985
2013-02-09,5.995
2013-02-10,5.991
2013-02-11,5.965
2013-02-12,5.959
2013-02-13,6.005
2013-02-14,6.123
2013-02-15,6.018
2013-02-16,5.994
2013-02-17,5.98
2013-02-18,5.961
2013-02-19,5.954
2013-02-20,5.968
2013-02-21,5.963
2013-02-22,5.986
2013-02-23,5.994
2013-02-24,5.979
2013-02-25,5.957
2013-02-26,5.954
2013-02-27,5.958
2013-02-28,5.984
2013-03-01,6.031
2013-03-02,6.004
2013-03-03,5.969
2013-03-04,5.961
2013-03-05,5.948
2013-03-06,5.962
2013-03-07,5.967
2013-03-08,6.006
2013-03-09,6.003
2013-03-10,5.994
2013-03-11,5.963
2013-03-12,5.962
2013-03-13,5.97
2013-03-14,5.975
2013-03-15,5.993
2013-03-16,5.993
2013-03-17,5.988
2013-03-18,5.958
2013-03-19,5.951
2013-03-20,5.966
2013-03-21,5.974
2013-03-22,5.996
2013-03-23,5.991
2013-03-24,5.97
2013-03-25,5.965
2013-03-26,5.969
2013-03-27,5.969
2013-03-28,5.993
2013-03-29,5.999
2013-03-30,6.0
2013-03-31,6.012
2013-04-01,5.96
2013-04-02,5.967
2013-04-03,5.947
2013-04-04,5.961
2013-04-05,5.983
2013-04-06,5.995
2013-04-07,5.977
2013-04-08,5.957
2013-04-09,5.966
2013-04-10,5.966
2013-04-11,5.965
2013-04-12,5.993
2013-04-13,5.99
2013-04-14,5.978
2013-04-15,5.891
2013-04-16,5.945
2013-04-17,5.952
2013-04-18,5.965
2013-04-19,5.932
2013-04-20,5.999
2013-04-21,5.98
2013-04-22,5.969
2013-04-23,5.968
2013-04-24,5.97
2013-04-25,5.98
2013-04-26,6.0
2013-04-27,6.006
2013-04-28,5.978
2013-04-29,5.966
2013-04-30,5.974
2013-05-01,5.979
2013-05-02,5.983
2013-05-03,6.006
2013-05-04,6.002
2013-05-05,5.981
2013-05-06,5.965
2013-05-07,5.964
2013-05-08,5.973
2013-05-09,5.98
2013-05-10,6.002
2013-05-11,6.02
2013-05-12,6.077
2013-05-13,5.978
2013-05-14,5.973
2013-05-15,5.97
2013-05-16,5.976
2013-05-17,6.007
2013-05-18,6.011
2013-05-19,5.995
2013-05-20,5.973
2013-05-21,5.951
2013-05-22,5.946
2013-05-23,5.965
2013-05-24,6.002
2013-05-25,6.025
2013-05-26,5.994
2013-05-27,5.987
2013-05-28,5.963
2013-05-29,5.972
2013-05-30,5.978
2013-05-31,5.997
2013-06-01,6.001
2013-06-02,5.982
2013-06-03,5.959
2013-06-04,5.974
2013-06-05,5.98
2013-06-06,5.981
2013-06-07,5.997
2013-06-08,6.019
2013-06-09,5.988
2013-06-10,5.97
2013-06-11,5.962
2013-06-12,5.962
2013-06-13,5.967
2013-06-14,6.008
2013-06-15,6.018
2013-06-16,6.058
2013-06-17,5.975
2013-06-18,5.961
2013-06-19,5.964
2013-06-20,5.961
2013-06-21,5.988
2013-06-22,6.0
2013-06-23,5.985
2013-06-24,5.966
2013-06-25,5.978
2013-06-26,5.969
2013-06-27,5.972
2013-06-28,5.993
2013-06-29,5.997
2013-06-30,5.994
2013-07-01,5.98
2013-07-02,5.975
2013-07-03,5.978
2013-07-04,6.04
2013-07-05,5.987
2013-07-06,5.989
2013-07-07,5.993
2013-07-08,5.965
2013-07-09,5.984
2013-07-10,5.98
2013-07-11,5.987
2013-07-12,5.982
2013-07-13,5.923
2013-07-14,5.931
2013-07-15,5.978
2013-07-16,5.991
2013-07-17,5.986
2013-07-18,5.988
2013-07-19,6.0
2013-07-20,5.996
2013-07-21,5.981
2013-07-22,6.0
2013-07-23,6.008
2013-07-24,5.986
2013-07-25,5.987
2013-07-26,5.992
2013-07-27,5.983
2013-07-28,5.984
2013-07-29,5.972
2013-07-30,5.974
2013-07-31,5.984
2013-08-01,5.993
2013-08-02,5.991
2013-08-03,6.004
2013-08-04,5.997
2013-08-05,5.992
2013-08-06,5.977
2013-08-07,5.98
2013-08-08,5.984
2013-08-09,5.992
2013-08-10,5.99
2013-08-11,5.995
2013-08-12,5.984
2013-08-13,5.974
2013-08-14,5.99
2013-08-15,5.984
2013-08-16,6.002
2013-08-17,6.0
2013-08-18,5.982
2013-08-19,5.985
2013-08-20,6.001
2013-08-21,5.979
2013-08-22,5.986
2013-08-23,6.005
2013-08-24,6.006
2013-08-25,5.99
2013-08-26,5.996
2013-08-27,5.976
2013-08-28,5.996
2013-08-29,6.017
2013-08-30,6.009
2013-08-31,6.003
2013-09-01,5.997
2013-09-02,5.987
2013-09-03,5.977
2013-09-04,5.978
2013-09-05,5.986
2013-09-06,6.018
2013-09-07,6.01
2013-09-08,5.986
2013-09-09,5.956
2013-09-10,5.97
2013-09-11,5.959
2013-09-12,5.993
2013-09-13,6.043
2013-09-14,6.009
2013-09-15,5.971
2013-09-16,5.966
2013-09-17,5.983
2013-09-18,5.978
2013-09-19,5.99
2013-09-20,6.016
2013-09-21,6.006
2013-09-22,5.983
2013-09-23,5.973
2013-09-24,5.97
2013-09-25,5.977
2013-09-26,5.986
2013-09-27,6.019
2013-09-28,6.014
2013-09-29,5.967
2013-09-30,5.965
2013-10-01,5.96
2013-10-02,5.977
2013-10-03,5.969
2013-10-04,6.012
2013-10-05,6.016
2013-10-06,5.999
2013-10-07,5.972
2013-10-08,5.98
2013-10-09,5.98
2013-10-10,5.994
2013-10-11,6.01
2013-10-12,6.013
2013-10-13,5.984
2013-10-14,5.993
2013-10-15,5.98
2013-10-16,5.982
2013-10-17,5.987
2013-10-18,6.015
2013-10-19,6.015
2013-10-20,5.99
2013-10-21,5.986
2013-10-22,5.987
2013-10-23,5.99
2013-10-24,5.998
2013-10-25,6.032
2013-10-26,6.024
2013-10-27,6.032
2013-10-28,6.0
2013-10-29,6.009
2013-10-30,6.004
2013-10-31,6.041
2013-11-01,6.023
2013-11-02,6.033
2013-11-03,6.016
2013-11-04,5.986
2013-11-05,5.99
2013-11-06,5.995
2013-11-07,5.996
2013-11-08,6.026
2013-11-09,6.017
2013-11-10,5.999
2013-11-11,5.997
2013-11-12,5.999
2013-11-13,5.996
2013-11-14,5.997
2013-11-15,6.03
2013-11-16,6.027
2013-11-17,5.989
2013-11-18,5.991
2013-11-19,6.0
2013-11-20,6.006
2013-11-21,5.996
2013-11-22,6.036
2013-11-23,6.04
2013-11-24,6.006
2013-11-25,6.003
2013-11-26,5.996
2013-11-27,6.014
2013-11-28,6.156
2013-11-29,6.039
2013-11-30,5.976
2013-12-01,5.96
2013-12-02,5.994
2013-12-03,5.998
2013-12-04,6.007
2013-12-05,5.985
2013-12-06,6.017
2013-12-07,6.019
2013-12-08,6.003
2013-12-09,5.987
2013-12-10,6.0
2013-12-11,6.007
2013-12-12,6.004
2013-12-13,6.036
2013-12-14,6.03
2013-12-15,6.013
2013-12-16,6.006
2013-12-17,6.017
2013-12-18,6.018
2013-12-19,6.021
2013-12-20,6.049
2013-12-21,6.056
2013-12-22,6.03
2013-12-23,6.061
2013-12-24,6.205
2013-12-25,6.282
2013-12-26,6.057
2013-12-27,6.02
2013-12-28,6.008
2013-12-29,5.987
2013-12-30,6.003
2013-12-31,6.125
2014-01-01,6.081
2014-01-02,5.988
2014-01-03,5.989
2014-01-04,5.983
2014-01-05,5.961
2014-01-06,5.962
2014-01-07,5.967
2014-01-08,5.977
2014-01-09,5.998
2014-01-10,6.011
2014-01-11,6.019
2014-01-12,6.023
2014-01-13,6.005
2014-01-14,5.971
2014-01-15,5.98
2014-01-16,5.986
2014-01-17,6.016
2014-01-18,6.015
2014-01-19,5.976
2014-01-20,5.99
2014-01-21,5.976
2014-01-22,5.979
2014-01-23,5.945
2014-01-24,6.001
2014-01-25,6.011
2014-01-26,6.005
2014-01-27,5.984
2014-01-28,5.985
2014-01-29,5.984
2014-01-30,5.998
2014-01-31,6.035
2014-02-01,6.047
2014-02-02,6.026
2014-02-03,6.003
2014-02-04,6.002
2014-02-05,6.006
2014-02-06,6.003
2014-02-07,6.035
2014-02-08,6.032
2014-02-09,6.0
2014-02-10,6.008
2014-02-11,6.007
2014-02-12,6.014
2014-02-13,6.031
2014-02-14,6.18
2014-02-15,6.051
2014-02-16,6.02
2014-02-17,6.006
2014-02-18,5.997
2014-02-19,6.014
2014-02-20,6.012
2014-02-21,6.035
2014-02-22,6.036
2014-02-23,6.018
2014-02-24,6.014
2014-02-25,6.001
2014-02-26,6.015
2014-02-27,6.012
2014-02-28,6.052
2014-03-01,6.082
2014-03-02,6.037
2014-03-03,6.007
2014-03-04,6.011
2014-03-05,6.01
2014-03-06,6.011
2014-03-07,6.029
2014-03-08,6.048
2014-03-09,6.028
2014-03-10,6.0
2014-03-11,5.992
2014-03-12,6.001
2014-03-13,6.003
2014-03-14,6.036
2014-03-15,6.054
2014-03-16,6.028
2014-03-17,6.016
2014-03-18,6.018
2014-03-19,6.035
2014-03-20,6.033
2014-03-21,6.041
2014-03-22,6.054
2014-03-23,6.011
2014-03-24,5.995
2014-03-25,5.998
2014-03-26,6.013
2014-03-27,6.018
2014-03-28,6.031
2014-03-29,6.027
2014-03-30,6.03
2014-03-31,6.013
2014-04-01,5.997
2014-04-02,6.008
2014-04-03,6.018
2014-04-04,6.047
2014-04-05,6.062
2014-04-06,6.031
2014-04-07,6.008
2014-04-08,6.016
2014-04-09,6.01
2014-04-10,6.019
2014-04-11,6.05
2014-04-12,6.045
2014-04-13,6.041
2014-04-14,6.01
2014-04-15,6.012
2014-04-16,6.021
2014-04-17,6.021
2014-04-18,6.045
2014-04-19,6.044
2014-04-20,6.087
2014-04-21,6.025
2014-04-22,6.022
2014-04-23,6.022
2014-04-24,6.022
2014-04-25,6.043
2014-04-26,6.045
2014-04-27,6.018
2014-04-28,6.001
2014-04-29,5.997
2014-04-30,6.012
2014-05-01,6.028
2014-05-02,6.042
2014-05-03,6.053
2014-05-04,6.026
2014-05-05,6.019
2014-05-06,6.017
2014-05-07,6.017
2014-05-08,6.015
2014-05-09,6.048
2014-05-10,6.076
2014-05-11,6.145
2014-05-12,6.021
2014-05-13,6.011
2014-05-14,6.013
2014-05-15,6.011
2014-05-16,6.041
2014-05-17,6.066
2014-05-18,6.041
2014-05-19,6.025
2014-05-20,6.022
2014-05-21,6.022
2014-05-22,6.026
2014-05-23,6.054
2014-05-24,6.066
2014-05-25,6.037
2014-05-26,6.036
2014-05-27,6.01
2014-05-28,6.008
2014-05-29,6.037
2014-05-30,6.055
2014-05-31,6.06
2014-06-01,6.036
2014-06-02,6.023
2014-06-03,6.019
2014-06-04,6.03
2014-06-05,6.023
2014-06-06,6.037
2014-06-07,6.051
2014-06-08,6.038
2014-06-09,6.017
2014-06-10,6.014
2014-06-11,6.025
2014-06-12,6.023
2014-06-13,6.043
2014-06-14,6.057
2014-06-15,6.082
2014-06-16,6.029
2014-06-17,6.026
2014-06-18,6.032
2014-06-19,6.014
2014-06-20,6.04
2014-06-21,6.05
2014-06-22,6.046
2014-06-23,6.026
2014-06-24,6.019
2014-06-25,6.029
2014-06-26,6.043
2014-06-27,6.059
2014-06-28,6.048
2014-06-29,6.029
2014-06-30,6.045
2014-07-01,6.054
2014-07-02,6.045
2014-07-03,6.055
2014-07-04,6.106
2014-07-05,6.05
2014-07-06,6.046
2014-07-07,6.059
2014-07-08,6.013
2014-07-09,6.033
2014-07-10,6.04
2014-07-11,6.051
2014-07-12,6.054
2014-07-13,6.058
2014-07-14,6.043
2014-07-15,6.038
2014-07-16,6.063
2014-07-17,6.027
2014-07-18,6.045
2014-07-19,6.041
2014-07-20,6.027
2014-07-21,6.03
2014-07-22,6.057
2014-07-23,6.067
2014-07-24,6.039
2014-07-25,6.062
2014-07-26,6.039
2014-07-27,6.045
2014-07-28,6.038
2014-07-29,6.037
2014-07-30,6.025
2014-07-31,6.031
2014-08-01,6.04
2014-08-02,6.045
2014-08-03,6.038
2014-08-04,6.04
2014-08-05,6.032
2014-08-06,6.039
2014-08-07,6.043
2014-08-08,6.053
2014-08-09,6.048
2014-08-10,6.04
2014-08-11,5.993
2014-08-12,6.005
2014-08-13,6.023
2014-08-14,6.023
2014-08-15,6.052
2014-08-16,6.056
2014-08-17,6.035
2014-08-18,6.015
2014-08-19,6.01
2014-08-20,6.024
2014-08-21,6.043
2014-08-22,6.057
2014-08-23,6.058
2014-08-24,6.041
2014-08-25,6.043
2014-08-26,6.044
2014-08-27,6.038
2014-08-28,6.051
2014-08-29,6.086
2014-08-30,6.053
2014-08-31,6.049
2014-09-01,6.039
2014-09-02,6.036
2014-09-03,6.039
2014-09-04,6.047
2014-09-05,6.064
2014-09-06,6.057
2014-09-07,6.043
2014-09-08,6.03
2014-09-09,6.049
2014-09-10,6.048
2014-09-11,6.021
2014-09-12,6.07
2014-09-13,6.101
2014-09-14,6.051
2014-09-15,6.042
2014-09-16,6.042
2014-09-17,6.038
2014-09-18,6.044
2014-09-19,6.061
2014-09-20,6.069
2014-09-21,6.047
2014-09-22,6.044
2014-09-23,6.038
2014-09-24,6.044
2014-09-25,6.028
2014-09-26,6.066
2014-09-27,6.076
2014-09-28,6.052
2014-09-29,6.039
2014-09-30,6.032
2014-10-01,6.033
2014-10-02,6.04
2014-10-03,6.073
2014-10-04,6.078
2014-10-05,6.057
2014-10-06,6.045
2014-10-07,6.036
2014-10-08,6.037
2014-10-09,6.045
2014-10-10,6.066
2014-10-11,6.061
2014-10-12,6.027
2014-10-13,6.026
2014-10-14,6.029
2014-10-15,6.044
2014-10-16,6.04
2014-10-17,6.07
2014-10-18,6.075
2014-10-19,6.051
2014-10-20,6.04
2014-10-21,6.036
2014-10-22,6.032
2014-10-23,6.04
2014-10-24,6.072
2014-10-25,6.062
2014-10-26,6.037
2014-10-27,6.037
2014-10-28,6.041
2014-10-29,6.046
2014-10-30,6.053
2014-10-31,6.098
2014-11-01,6.068
2014-11-02,6.036
2014-11-03,6.047
2014-11-04,6.046
2014-11-05,6.048
2014-11-06,6.052
2014-11-07,6.077
2014-11-08,6.077
2014-11-09,6.07
2014-11-10,6.052
2014-11-11,6.108
2014-11-12,6.067
2014-11-13,6.066
2014-11-14,6.093
2014-11-15,6.087
2014-11-16,6.052
2014-11-17,6.056
2014-11-18,6.045
2014-11-19,6.048
2014-11-20,6.055
2014-11-21,6.077
2014-11-22,6.075
2014-11-23,6.062
2014-11-24,5.966
2014-11-25,5.987
2014-11-26,6.067
2014-11-27,6.18
2014-11-28,6.086
2014-11-29,6.063
2014-11-30,6.044
2014-12-01,6.054
2014-12-02,6.062
2014-12-03,6.039
2014-12-04,6.041
2014-12-05,6.077
2014-12-06,6.079
2014-12-07,6.047
2014-12-08,6.054
2014-12-09,6.049
2014-12-10,6.06
2014-12-11,6.068
2014-12-12,6.099
2014-12-13,6.11
2014-12-14,6.07
2014-12-15,6.056
2014-12-16,6.044
2014-12-17,6.053
2014-12-18,6.069
2014-12-19,6.093
2014-12-20,6.072
2014-12-21,6.077
2014-12-22,6.081
2014-12-23,6.115
2014-12-24,6.225
2014-12-25,6.326
2014-12-26,6.116
2014-12-27,6.072
2014-12-28,6.051
2014-12-29,6.048
2014-12-30,6.06
2014-12-31,6.172
2015-01-01,6.146
2015-01-02,6.066
2015-01-03,6.068
2015-01-04,6.034
2015-01-05,6.055
2015-01-06,6.048
2015-01-07,6.009
2015-01-08,6.028
2015-01-09,6.043
2015-01-10,6.057
2015-01-11,6.056
2015-01-12,6.07
2015-01-13,6.064
2015-01-14,6.056
2015-01-15,6.067
2015-01-16,6.089
2015-01-17,6.096
2015-01-18,6.071
2015-01-19,6.058
2015-01-20,6.057
2015-01-21,6.055
2015-01-22,6.052
2015-01-23,6.082
2015-01-24,6.088
2015-01-25,6.069
2015-01-26,6.055
2015-01-27,6.052
2015-01-28,6.048
2015-01-29,6.05
2015-01-30,6.079
2015-01-31,6.108
2015-02-01,6.095
2015-02-02,6.061
2015-02-03,6.052
2015-02-04,6.06
2015-02-05,6.066
2015-02-06,6.078
2015-02-07,6.088
2015-02-08,6.077
2015-02-09,6.061
2015-02-10,6.06
2015-02-11,6.043
2015-02-12,6.065
2015-02-13,6.121
2015-02-14,6.184
2015-02-15,6.074
2015-02-16,6.042
2015-02-17,6.051
2015-02-18,6.04
2015-02-19,6.047
2015-02-20,6.083
2015-02-21,6.074
2015-02-22,6.073
2015-02-23,6.058
2015-02-24,6.047
2015-02-25,6.07
2015-02-26,6.052
2015-02-27,6.074
2015-02-28,6.099
2015-03-01,6.088
2015-03-02,6.064
2015-03-03,6.058
2015-03-04,6.051
2015-03-05,6.053
2015-03-06,6.088
2015-03-07,6.095
2015-03-08,6.107
2015-03-09,6.058
2015-03-10,6.055
2015-03-11,6.045
2015-03-12,6.05
2015-03-13,6.079
2015-03-14,6.091
2015-03-15,6.084
2015-03-16,6.056
2015-03-17,6.069
2015-03-18,6.031
2015-03-19,6.041
2015-03-20,6.07
2015-03-21,6.08
2015-03-22,6.069
2015-03-23,6.053
2015-03-24,6.053
2015-03-25,5.995
2015-03-26,6.041
2015-03-27,6.088
2015-03-28,6.085
2015-03-29,6.084
2015-03-30,6.048
2015-03-31,6.047
2015-04-01,6.048
2015-04-02,6.07
2015-04-03,6.098
2015-04-04,6.071
2015-04-05,6.128
2015-04-06,6.072
2015-04-07,6.063
2015-04-08,6.058
2015-04-09,6.063
2015-04-10,6.083
2015-04-11,6.1
2015-04-12,6.079
2015-04-13,6.075
2015-04-14,6.07
2015-04-15,6.069
2015-04-16,6.071
2015-04-17,6.09
2015-04-18,6.105
2015-04-19,6.084
2015-04-20,6.066
2015-04-21,6.077
2015-04-22,6.07
2015-04-23,6.06
2015-04-24,6.084
2015-04-25,6.079
2015-04-26,6.061
2015-04-27,6.02
2015-04-28,6.015
2015-04-29,6.052
2015-04-30,6.062
2015-05-01,6.086
2015-05-02,6.075
2015-05-03,6.042
2015-05-04,6.064
2015-05-05,6.07
2015-05-06,6.041
2015-05-07,6.056
2015-05-08,6.071
2015-05-09,6.096
2015-05-10,6.157
2015-05-11,6.062
2015-05-12,6.048
2015-05-13,6.054
2015-05-14,6.061
2015-05-15,6.078
2015-05-16,6.097
2015-05-17,6.07
2015-05-18,6.063
2015-05-19,6.054
2015-05-20,6.066
2015-05-21,6.074
2015-05-22,6.092
2015-05-23,6.105
2015-05-24,6.102
2015-05-25,6.069
2015-05-26,6.054
2015-05-27,6.048
2015-05-28,6.073
2015-05-29,6.083
2015-05-30,6.096
2015-05-31,6.074
2015-06-01,6.072
2015-06-02,6.066
2015-06-03,6.067
2015-06-04,6.07
2015-06-05,6.09
2015-06-06,6.098
2015-06-07,6.06
2015-06-08,6.08
2015-06-09,6.06
2015-06-10,6.062
2015-06-11,6.059
2015-06-12,6.083
2015-06-13,6.064
2015-06-14,6.067
2015-06-15,6.06
2015-06-16,6.06
2015-06-17,6.08
2015-06-18,6.003
2015-06-19,6.065
2015-06-20,6.081
2015-06-21,6.145
2015-06-22,6.061
2015-06-23,6.053
2015-06-24,6.071
2015-06-25,6.07
2015-06-26,6.1
2015-06-27,6.083
2015-06-28,6.066
2015-06-29,6.069
2015-06-30,6.066
2015-07-01,6.079
2015-07-02,6.071
2015-07-03,6.091
2015-07-04,6.14
2015-07-05,6.102
2015-07-06,6.067
2015-07-07,6.079
2015-07-08,6.061
2015-07-09,6.071
2015-07-10,6.085
2015-07-11,6.083
2015-07-12,6.06
2015-07-13,6.048
2015-07-14,6.055
2015-07-15,6.066
2015-07-16,6.072
2015-07-17,6.08
2015-07-18,6.1
2015-07-19,6.062
2015-07-20,6.052
2015-07-21,6.052
2015-07-22,6.055
2015-07-23,6.072
2015-07-24,6.066
2015-07-25,6.069
2015-07-26,6.065
2015-07-27,6.062
2015-07-28,6.053
2015-07-29,6.028
2015-07-30,6.051
2015-07-31,6.064
2015-08-01,6.094
2015-08-02,6.076
2015-08-03,6.059
2015-08-04,6.058
2015-08-05,6.058
2015-08-06,6.058
2015-08-07,6.081
2015-08-08,6.083
2015-08-09,6.073
2015-08-10,6.066
2015-08-11,6.053
2015-08-12,6.069
2015-08-13,6.069
2015-08-14,6.085
2015-08-15,6.092
2015-08-16,6.079
2015-08-17,6.076
2015-08-18,6.083
2015-08-19,6.063
2015-08-20,6.072
2015-08-21,6.09
2015-08-22,6.094
2015-08-23,6.074
2015-08-24,6.078
2015-08-25,6.067
2015-08-26,6.048
2015-08-27,6.083
2015-08-28,6.108
2015-08-29,6.121
2015-08-30,6.07
2015-08-31,6.062
2015-09-01,6.056
2015-09-02,6.061
2015-09-03,6.055
2015-09-04,6.098
2015-09-05,6.094
2015-09-06,6.084
2015-09-07,6.064
2015-09-08,6.07
2015-09-09,6.073
2015-09-10,6.066
2015-09-11,6.065
2015-09-12,6.096
2015-09-13,6.083
2015-09-14,6.075
2015-09-15,6.072
2015-09-16,6.056
2015-09-17,6.082
2015-09-18,6.1
2015-09-19,6.088
2015-09-20,6.067
2015-09-21,6.071
2015-09-22,6.068
2015-09-23,6.067
2015-09-24,6.073
2015-09-25,6.124
2015-09-26,6.114
2015-09-27,6.073
2015-09-28,6.072
2015-09-29,6.07
2015-09-30,6.067
2015-10-01,6.046
2015-10-02,6.087
2015-10-03,6.079
2015-10-04,6.069
2015-10-05,6.06
2015-10-06,6.058
2015-10-07,6.062
2015-10-08,6.069
2015-10-09,6.098
2015-10-10,6.086
2015-10-11,6.073
2015-10-12,6.075
2015-10-13,6.054
2015-10-14,6.066
2015-10-15,6.081
2015-10-16,6.126
2015-10-17,6.106
2015-10-18,6.073
2015-10-19,6.061
2015-10-20,6.059
2015-10-21,6.072
2015-10-22,6.069
2015-10-23,6.11
2015-10-24,6.133
2015-10-25,6.065
2015-10-26,6.057
2015-10-27,6.069
2015-10-28,6.07
2015-10-29,6.077
2015-10-30,6.099
2015-10-31,6.106
2015-11-01,6.076
2015-11-02,6.067
2015-11-03,6.07
2015-11-04,6.066
2015-11-05,6.077
2015-11-06,6.097
2015-11-07,6.095
2015-11-08,6.072
2015-11-09,6.075
2015-11-10,6.079
2015-11-11,6.095
2015-11-12,6.089
2015-11-13,6.024
2015-11-14,5.99
2015-11-15,6.036
2015-11-16,6.035
2015-11-17,6.053
2015-11-18,6.057
2015-11-19,6.069
2015-11-20,6.104
2015-11-21,6.086
2015-11-22,6.07
2015-11-23,6.074
2015-11-24,6.061
2015-11-25,6.08
2015-11-26,6.201
2015-11-27,6.096
2015-11-28,6.067
2015-11-29,6.047
2015-11-30,6.06
2015-12-01,6.081
2015-12-02,6.03
2015-12-03,6.05
2015-12-04,6.065
2015-12-05,6.074
2015-12-06,6.059
2015-12-07,6.06
2015-12-08,6.057
2015-12-09,6.064
2015-12-10,6.076
2015-12-11,6.098
2015-12-12,6.114
2015-12-13,6.081
2015-12-14,6.084
2015-12-15,6.057
2015-12-16,6.083
2015-12-17,6.077
2015-12-18,6.1
2015-12-19,6.089
2015-12-20,6.068
2015-12-21,6.072
2015-12-22,6.085
2015-12-23,6.11
2015-12-24,6.255
2015-12-25,6.308
2015-12-26,6.127
2015-12-27,6.064
2015-12-28,6.051
2015-12-29,6.05
2015-12-30,6.058
2015-12-31,6.162
2016-01-01,6.164
2016-01-02,6.067
2016-01-03,6.033
2016-01-04,6.042
2016-01-05,6.035
2016-01-06,6.044
2016-01-07,6.052
2016-01-08,6.064
2016-01-09,6.064
2016-01-10,6.056
2016-01-11,6.053
2016-01-12,6.05
2016-01-13,6.053
2016-01-14,6.024
2016-01-15,6.072
2016-01-16,6.062
2016-01-17,6.047
2016-01-18,6.052
2016-01-19,6.036
2016-01-20,6.048
2016-01-21,6.058
2016-01-22,6.066
2016-01-23,6.088
2016-01-24,6.061
2016-01-25,6.062
2016-01-26,6.049
2016-01-27,6.036
2016-01-28,6.061
2016-01-29,6.089
2016-01-30,6.093
2016-01-31,6.075
2016-02-01,6.078
2016-02-02,6.069
2016-02-03,6.074
2016-02-04,6.058
2016-02-05,6.084
2016-02-06,6.075
2016-02-07,6.106
2016-02-08,6.072
2016-02-09,6.068
2016-02-10,6.065
2016-02-11,6.068
2016-02-12,6.095
2016-02-13,6.102
2016-02-14,6.159
2016-02-15,6.082
2016-02-16,6.062
2016-02-17,6.057
2016-02-18,6.047
2016-02-19,6.045
2016-02-20,6.068
2016-02-21,6.03
2016-02-22,6.051
2016-02-23,6.041
2016-02-24,6.052
2016-02-25,6.057
2016-02-26,6.078
2016-02-27,6.08
2016-02-28,6.06
2016-02-29,6.076
2016-03-01,6.071
2016-03-02,6.07
2016-03-03,6.061
2016-03-04,6.078
2016-03-05,6.082
2016-03-06,6.068
2016-03-07,6.058
2016-03-08,6.082
2016-03-09,6.046
2016-03-10,6.04
2016-03-11,6.047
2016-03-12,6.042
2016-03-13,6.042
2016-03-14,6.049
2016-03-15,6.047
2016-03-16,6.05
2016-03-17,6.059
2016-03-18,6.06
2016-03-19,6.053
2016-03-20,6.054
2016-03-21,6.066
2016-03-22,5.985
2016-03-23,6.039
2016-03-24,6.049
2016-03-25,6.066
2016-03-26,6.066
2016-03-27,6.087
2016-03-28,6.033
2016-03-29,6.018
2016-03-30,6.031
2016-03-31,6.026
2016-04-01,6.044
2016-04-02,6.048
2016-04-03,6.047
2016-04-04,6.051
2016-04-05,6.042
2016-04-06,6.044
2016-04-07,6.045
2016-04-08,6.069
2016-04-09,6.065
2016-04-10,6.047
2016-04-11,6.041
2016-04-12,6.044
2016-04-13,6.043
2016-04-14,6.051
2016-04-15,6.081
2016-04-16,6.087
2016-04-17,6.061
2016-04-18,6.042
2016-04-19,6.039
2016-04-20,6.048
2016-04-21,6.028
2016-04-22,6.079
2016-04-23,6.077
2016-04-24,6.065
2016-04-25,6.042
2016-04-26,6.039
2016-04-27,6.048
2016-04-28,6.042
2016-04-29,6.055
2016-04-30,6.074
2016-05-01,6.061
2016-05-02,6.05
2016-05-03,6.04
2016-05-04,6.049
2016-05-05,6.05
2016-05-06,6.064
2016-05-07,6.073
2016-05-08,6.14
2016-05-09,6.044
2016-05-10,6.034
2016-05-11,6.029
2016-05-12,6.037
2016-05-13,6.068
2016-05-14,6.075
2016-05-15,6.049
2016-05-16,6.039
2016-05-17,6.035
2016-05-18,6.035
2016-05-19,6.043
2016-05-20,6.066
2016-05-21,6.071
2016-05-22,6.052
2016-05-23,6.044
2016-05-24,6.043
2016-05-25,6.044
2016-05-26,6.048
2016-05-27,6.063
2016-05-28,6.06
2016-05-29,6.046
2016-05-30,6.039
2016-05-31,6.026
2016-06-01,6.033
2016-06-02,6.046
2016-06-03,6.059
2016-06-04,6.055
2016-06-05,6.048
2016-06-06,6.041
2016-06-07,6.035
2016-06-08,6.049
2016-06-09,6.029
2016-06-10,6.044
2016-06-11,6.018
2016-06-12,5.834
2016-06-13,5.961
2016-06-14,5.995
2016-06-15,6.007
2016-06-16,6.002
2016-06-17,6.029
2016-06-18,6.051
2016-06-19,6.078
2016-06-20,6.036
2016-06-21,6.035
2016-06-22,6.036
2016-06-23,6.025
2016-06-24,6.01
2016-06-25,6.055
2016-06-26,6.037
2016-06-27,6.028
2016-06-28,6.01
2016-06-29,6.027
2016-06-30,6.034
2016-07-01,6.063
2016-07-02,6.04
2016-07-03,6.035
2016-07-04,6.046
2016-07-05,6.014
2016-07-06,5.949
2016-07-07,5.901
2016-07-08,5.87
2016-07-09,6.008
2016-07-10,6.009
2016-07-11,6.023
2016-07-12,6.023
2016-07-13,6.034
2016-07-14,6.012
2016-07-15,6.009
2016-07-16,6.048
2016-07-17,6.001
2016-07-18,5.997
2016-07-19,6.011
2016-07-20,6.011
2016-07-21,6.02
2016-07-22,6.046
2016-07-23,6.06
2016-07-24,6.039
2016-07-25,6.013
2016-07-26,6.02
2016-07-27,6.01
2016-07-28,6.021
2016-07-29,6.037
2016-07-30,6.058
2016-07-31,6.058
2016-08-01,6.065
2016-08-02,6.038
2016-08-03,6.04
2016-08-04,6.049
2016-08-05,6.06
2016-08-06,6.069
2016-08-07,6.058
2016-08-08,6.052
2016-08-09,6.047
2016-08-10,6.04
2016-08-11,6.053
2016-08-12,6.07
2016-08-13,6.076
2016-08-14,6.06
2016-08-15,6.053
2016-08-16,6.048
2016-08-17,6.057
2016-08-18,6.05
2016-08-19,6.075
2016-08-20,6.079
2016-08-21,6.058
2016-08-22,6.05
2016-08-23,6.046
2016-08-24,6.035
2016-08-25,6.05
2016-08-26,6.072
2016-08-27,6.058
2016-08-28,6.054
2016-08-29,6.06
2016-08-30,6.031
2016-08-31,6.041
2016-09-01,6.057
2016-09-02,6.063
2016-09-03,6.063
2016-09-04,6.071
2016-09-05,6.054
2016-09-06,6.049
2016-09-07,6.049
2016-09-08,6.052
2016-09-09,6.063
2016-09-10,6.054
2016-09-11,6.018
2016-09-12,6.038
2016-09-13,6.043
2016-09-14,6.035
2016-09-15,6.035
2016-09-16,6.058
2016-09-17,6.045
2016-09-18,6.003
2016-09-19,6.006
2016-09-20,5.99
2016-09-21,5.998
2016-09-22,6.017
2016-09-23,6.04
2016-09-24,6.038
2016-09-25,6.022
2016-09-26,5.97
2016-09-27,6.022
2016-09-28,6.029
2016-09-29,6.057
2016-09-30,6.059
2016-10-01,6.063
2016-10-02,6.026
2016-10-03,6.011
2016-10-04,5.995
2016-10-05,6.024
2016-10-06,6.026
2016-10-07,6.025
2016-10-08,5.991
2016-10-09,5.937
2016-10-10,5.986
2016-10-11,6.01
2016-10-12,6.016
2016-10-13,6.013
2016-10-14,6.031
2016-10-15,6.032
2016-10-16,6.013
2016-10-17,6.012
2016-10-18,6.03
2016-10-19,5.987
2016-10-20,6.016
2016-10-21,6.059
2016-10-22,6.072
2016-10-23,6.035
2016-10-24,6.024
2016-10-25,6.035
2016-10-26,6.043
2016-10-27,6.038
2016-10-28,6.06
2016-10-29,6.045
2016-10-30,6.035
2016-10-31,6.047
2016-11-01,6.039
2016-11-02,6.02
2016-11-03,6.038
2016-11-04,6.04
2016-11-05,6.037
2016-11-06,6.023
2016-11-07,6.035
2016-11-08,5.985
2016-11-09,5.88
2016-11-10,5.999
2016-11-11,6.055
2016-11-12,6.047
2016-11-13,6.025
2016-11-14,6.053
2016-11-15,6.052
2016-11-16,6.062
2016-11-17,6.062
2016-11-18,6.073
2016-11-19,6.062
2016-11-20,6.058
2016-11-21,6.042
2016-11-22,6.046
2016-11-23,6.066
2016-11-24,6.173
2016-11-25,6.089
2016-11-26,6.027
2016-11-27,6.03
2016-11-28,6.024
2016-11-29,6.02
2016-11-30,6.05
2016-12-01,6.072
2016-12-02,6.094
2016-12-03,6.082
2016-12-04,6.059
2016-12-05,6.053
2016-12-06,6.062
2016-12-07,6.069
2016-12-08,6.062
2016-12-09,6.094
2016-12-10,6.092
2016-12-11,6.095
2016-12-12,6.072
2016-12-13,6.067
2016-12-14,6.068
2016-12-15,6.067
2016-12-16,6.085
2016-12-17,6.091
2016-12-18,6.085
2016-12-19,6.063
2016-12-20,6.077
2016-12-21,6.073
2016-12-22,6.087
2016-12-23,6.111
2016-12-24,6.229
2016-12-25,6.298
2016-12-26,6.124
2016-12-27,6.052
2016-12-28,6.045
2016-12-29,6.046
2016-12-30,6.05
2016-12-31,6.141
2017-01-01,6.153
2017-01-02,6.063
2017-01-03,6.046
2017-01-04,6.038
2017-01-05,6.026
2017-01-06,6.028
2017-01-07,6.036
2017-01-08,6.041
2017-01-09,6.038
2017-01-10,6.017
2017-01-11,6.011
2017-01-12,6.034
2017-01-13,6.065
2017-01-14,6.051
2017-01-15,6.047
2017-01-16,6.053
2017-01-17,6.048
2017-01-18,6.044
2017-01-19,6.056
2017-01-20,6.05
2017-01-21,6.045
2017-01-22,6.008
2017-01-23,6.002
2017-01-24,6.004
2017-01-25,5.985
2017-01-26,5.998
2017-01-27,6.016
2017-01-28,5.931
2017-01-29,5.933
2017-01-30,5.926
2017-01-31,5.97
2017-02-01,6.013
2017-02-02,5.971
2017-02-03,5.989
2017-02-04,5.989
2017-02-05,6.028
2017-02-06,5.999
2017-02-07,5.98
2017-02-08,5.975
2017-02-09,5.976
2017-02-10,6.008
2017-02-11,6.03
2017-02-12,6.03
2017-02-13,6.045
2017-02-14,6.118
2017-02-15,6.007
2017-02-16,5.989
2017-02-17,6.019
2017-02-18,6.024
2017-02-19,6.009
2017-02-20,6.021
2017-02-21,6.011
2017-02-22,6.035
2017-02-23,6.002
2017-02-24,6.011
2017-02-25,6.008
2017-02-26,6.025
2017-02-27,6.024
2017-02-28,5.993
2017-03-01,6.013
2017-03-02,6.017
2017-03-03,6.041
2017-03-04,6.001
2017-03-05,6.018
2017-03-06,6.006
2017-03-07,6.002
2017-03-08,6.073
2017-03-09,6.028
2017-03-10,6.035
2017-03-11,6.031
2017-03-12,6.032
2017-03-13,6.015
2017-03-14,6.001
2017-03-15,5.989
2017-03-16,6.001
2017-03-17,6.037
2017-03-18,6.022
2017-03-19,6.013
2017-03-20,6.019
2017-03-21,6.013
2017-03-22,5.96
2017-03-23,5.96
2017-03-24,5.982
2017-03-25,6.034
2017-03-26,6.019
2017-03-27,6.01
2017-03-28,5.999
2017-03-29,6.003
2017-03-30,6.012
2017-03-31,6.029
2017-04-01,6.026
2017-04-02,6.015
2017-04-03,6.008
2017-04-04,6.004
2017-04-05,5.985
2017-04-06,5.951
2017-04-07,5.966
2017-04-08,6.024
2017-04-09,6.01
2017-04-10,6.021
2017-04-11,5.989
2017-04-12,6.005
2017-04-13,5.995
2017-04-14,6.009
2017-04-15,6.015
2017-04-16,6.034
2017-04-17,6.002
2017-04-18,5.989
2017-04-19,5.979
2017-04-20,6.007
2017-04-21,6.029
2017-04-22,6.048
2017-04-23,6.028
2017-04-24,6.008
2017-04-25,6.004
2017-04-26,5.999
2017-04-27,6.008
2017-04-28,6.027
2017-04-29,6.037
2017-04-30,6.039
2017-05-01,6.109
2017-05-02,6.096
2017-05-03,6.068
2017-05-04,6.049
2017-05-05,6.053
2017-05-06,6.075
2017-05-07,6.071
2017-05-08,6.054
2017-05-09,6.011
2017-05-10,6.015
2017-05-11,6.017
2017-05-12,6.048
2017-05-13,6.09
2017-05-14,6.139
2017-05-15,6.053
2017-05-16,6.019
2017-05-17,6.01
2017-05-18,5.997
2017-05-19,6.062
2017-05-20,6.091
2017-05-21,6.114
2017-05-22,5.998
2017-05-23,5.892
2017-05-24,5.968
2017-05-25,5.984
2017-05-26,6.0
2017-05-27,5.994
2017-05-28,5.989
2017-05-29,5.993
2017-05-30,5.975
2017-05-31,5.961
2017-06-01,5.992
2017-06-02,6.004
2017-06-03,5.993
2017-06-04,5.9
2017-06-05,5.944
2017-06-06,5.981
2017-06-07,5.984
2017-06-08,5.978
2017-06-09,5.997
2017-06-10,6.011
2017-06-11,6.013
2017-06-12,5.998
2017-06-13,5.974
2017-06-14,5.926
2017-06-15,5.965
2017-06-16,5.983
2017-06-17,5.991
2017-06-18,6.056
2017-06-19,5.949
2017-06-20,5.971
2017-06-21,5.996
2017-06-22,5.972
2017-06-23,5.966
2017-06-24,5.981
2017-06-25,5.994
2017-06-26,5.992
2017-06-27,5.975
2017-06-28,5.971
2017-06-29,5.956
2017-06-30,5.979
2017-07-01,5.995
2017-07-02,5.964
2017-07-03,5.979
2017-07-04,6.05
2017-07-05,5.969
2017-07-06,5.983
2017-07-07,6.008
2017-07-08,6.007
2017-07-09,5.992
2017-07-10,5.985
2017-07-11,5.979
2017-07-12,5.988
2017-07-13,5.994
2017-07-14,6.005
2017-07-15,6.004
2017-07-16,5.999
2017-07-17,5.994
2017-07-18,5.975
2017-07-19,5.977
2017-07-20,5.976
2017-07-21,6.005
2017-07-22,6.017
2017-07-23,6.034
2017-07-24,6.006
2017-07-25,5.968
2017-07-26,5.956
2017-07-27,5.974
2017-07-28,5.984
2017-07-29,6.002
2017-07-30,6.008
2017-07-31,6.012
2017-08-01,6.018
2017-08-02,6.012
2017-08-03,6.02
2017-08-04,6.058
2017-08-05,6.042
2017-08-06,6.022
2017-08-07,6.022
2017-08-08,6.001
2017-08-09,5.997
2017-08-10,5.994
2017-08-11,5.988
2017-08-12,5.858
2017-08-13,5.882
2017-08-14,5.929
2017-08-15,5.915
2017-08-16,5.912
2017-08-17,5.915
2017-08-18,5.934
2017-08-19,5.955
2017-08-20,5.977
2017-08-21,5.986
2017-08-22,5.976
2017-08-23,5.973
2017-08-24,5.985
2017-08-25,5.957
2017-08-26,5.943
2017-08-27,5.937
2017-08-28,5.963
2017-08-29,5.962
2017-08-30,5.948
2017-08-31,5.972
2017-09-01,6.009
2017-09-02,5.998
2017-09-03,5.994
2017-09-04,5.999
2017-09-05,5.934
2017-09-06,5.928
2017-09-07,5.963
2017-09-08,5.975
2017-09-09,5.998
2017-09-10,5.974
2017-09-11,5.962
2017-09-12,5.981
2017-09-13,5.981
2017-09-14,5.979
2017-09-15,5.982
2017-09-16,6.005
2017-09-17,5.993
2017-09-18,5.995
2017-09-19,5.96
2017-09-20,5.985
2017-09-21,5.989
2017-09-22,6.003
2017-09-23,5.985
2017-09-24,5.958
2017-09-25,5.962
2017-09-26,5.974
2017-09-27,5.986
2017-09-28,5.981
2017-09-29,5.997
2017-09-30,5.958
2017-10-01,5.951
2017-10-02,5.75
2017-10-03,5.868
2017-10-04,5.939
2017-10-05,5.959
2017-10-06,5.982
2017-10-07,5.974
2017-10-08,5.957
2017-10-09,5.956
2017-10-10,5.95
2017-10-11,5.97
2017-10-12,5.979
2017-10-13,6.003
2017-10-14,6.0
2017-10-15,5.975
2017-10-16,5.959
2017-10-17,5.989
2017-10-18,5.977
2017-10-19,6.009
2017-10-20,5.997
2017-10-21,5.996
2017-10-22,5.998
2017-10-23,6.003
2017-10-24,5.999
2017-10-25,5.998
2017-10-26,5.996
2017-10-27,6.006
2017-10-28,5.999
2017-10-29,5.992
2017-10-30,5.967
2017-10-31,5.975
2017-11-01,5.965
2017-11-02,5.975
2017-11-03,5.991
2017-11-04,6.008
2017-11-05,5.936
2017-11-06,5.925
2017-11-07,5.955
2017-11-08,6.006
2017-11-09,5.977
2017-11-10,5.975
2017-11-11,5.982
2017-11-12,5.996
2017-11-13,5.986
2017-11-14,5.991
2017-11-15,6.007
2017-11-16,5.973
2017-11-17,5.987
2017-11-18,6.012
2017-11-19,6.013
2017-11-20,6.013
2017-11-21,6.018
2017-11-22,6.022
2017-11-23,6.124
2017-11-24,6.054
2017-11-25,6.019
2017-11-26,6.009
2017-11-27,6.011
2017-11-28,6.006
2017-11-29,5.967
2017-11-30,5.958
2017-12-01,6.005
2017-12-02,5.983
2017-12-03,5.984
2017-12-04,5.981
2017-12-05,5.978
2017-12-06,5.983
2017-12-07,5.995
2017-12-08,6.005
2017-12-09,6.014
2017-12-10,6.016
2017-12-11,6.005
2017-12-12,5.987
2017-12-13,6.018
2017-12-14,6.003
2017-12-15,6.012
2017-12-16,6.008
2017-12-17,5.999
2017-12-18,5.975
2017-12-19,5.989
2017-12-20,5.995
2017-12-21,6.024
2017-12-22,6.055
2017-12-23,6.047
2017-12-24,6.15
2017-12-25,6.252
2017-12-26,6.094
2017-12-27,6.038
2017-12-28,6.017
2017-12-29,6.037
2017-12-30,6.019
2017-12-31,6.105
2018-01-01,6.081
2018-01-02,5.951
2018-01-03,5.969
2018-01-04,5.989
2018-01-05,6.008
2018-01-06,5.988
2018-01-07,6.005
2018-01-08,6.016
2018-01-09,6.011
2018-01-10,6.023
2018-01-11,6.032
2018-01-12,5.998
2018-01-13,6.012
2018-01-14,5.998
2018-01-15,6.016
2018-01-16,6.011
2018-01-17,6.022
2018-01-18,6.008
2018-01-19,6.008
2018-01-20,5.997
2018-01-21,6.002
2018-01-22,6.008
2018-01-23,5.994
2018-01-24,5.985
2018-01-25,6.034
2018-01-26,6.033
2018-01-27,6.022
2018-01-28,6.029
2018-01-29,6.004
2018-01-30,5.99
2018-01-31,6.004
2018-02-01,6.011
2018-02-02,5.986
2018-02-03,6.019
2018-02-04,6.048
2018-02-05,6.032
2018-02-06,6.018
2018-02-07,6.022
2018-02-08,6.022
2018-02-09,6.026
2018-02-10,6.004
2018-02-11,6.011
2018-02-12,6.028
2018-02-13,6.044
2018-02-14,6.04
2018-02-15,5.856
2018-02-16,5.899
2018-02-17,5.972
2018-02-18,5.965
2018-02-19,5.977
2018-02-20,5.97
2018-02-21,5.965
2018-02-22,5.94
2018-02-23,5.959
2018-02-24,5.978
2018-02-25,5.994
2018-02-26,5.985
2018-02-27,5.985
2018-02-28,5.991
2018-03-01,6.033
2018-03-02,6.019
2018-03-03,6.027
2018-03-04,6.04
2018-03-05,6.035
2018-03-06,6.026
2018-03-07,6.013
2018-03-08,6.079
2018-03-09,6.037
2018-03-10,6.027
2018-03-11,6.041
2018-03-12,6.009
2018-03-13,5.977
2018-03-14,5.971
2018-03-15,5.974
2018-03-16,5.989
2018-03-17,5.986
2018-03-18,5.993
2018-03-19,5.99
2018-03-20,5.974
2018-03-21,5.972
2018-03-22,5.981
2018-03-23,5.989
2018-03-24,5.976
2018-03-25,5.988
2018-03-26,5.993
2018-03-27,5.993
2018-03-28,5.995
2018-03-29,5.999
2018-03-30,6.005
2018-03-31,5.995
2018-04-01,6.029
2018-04-02,5.989
2018-04-03,5.991
2018-04-04,6.01
2018-04-05,6.0
2018-04-06,6.006
2018-04-07,6.025
2018-04-08,6.006
2018-04-09,5.995
2018-04-10,5.988
2018-04-11,5.978
2018-04-12,5.973
2018-04-13,5.945
2018-04-14,5.954
2018-04-15,5.991
2018-04-16,6.001
2018-04-17,6.01
2018-04-18,6.005
2018-04-19,6.009
2018-04-20,6.019
2018-04-21,6.018
2018-04-22,6.008
2018-04-23,5.992
2018-04-24,6.008
2018-04-25,6.006
2018-04-26,5.994
2018-04-27,6.0
2018-04-28,6.007
2018-04-29,6.002
2018-04-30,6.004
2018-05-01,6.002
2018-05-02,5.981
2018-05-03,5.991
2018-05-04,6.012
2018-05-05,6.043
2018-05-06,6.025
2018-05-07,5.996
2018-05-08,5.991
2018-05-09,5.991
2018-05-10,6.002
2018-05-11,6.004
2018-05-12,6.024
2018-05-13,6.065
2018-05-14,6.002
2018-05-15,6.008
2018-05-16,5.986
2018-05-17,5.977
2018-05-18,5.961
2018-05-19,6.017
2018-05-20,6.025
2018-05-21,6.009
2018-05-22,5.99
2018-05-23,5.986
2018-05-24,5.989
2018-05-25,5.991
2018-05-26,5.973
2018-05-27,5.98
2018-05-28,6.006
2018-05-29,5.974
2018-05-30,5.972
2018-05-31,5.98
2018-06-01,6.009
2018-06-02,6.007
2018-06-03,5.99
2018-06-04,5.983
2018-06-05,5.984
2018-06-06,5.993
2018-06-07,6.001
2018-06-08,5.988
2018-06-09,6.008
2018-06-10,6.001
2018-06-11,5.994
2018-06-12,6.017
2018-06-13,6.006
2018-06-14,5.993
2018-06-15,5.99
2018-06-16,6.0
2018-06-17,6.012
2018-06-18,5.922
2018-06-19,5.926
2018-06-20,5.931
2018-06-21,5.969
2018-06-22,5.982
2018-06-23,5.989
2018-06-24,5.993
2018-06-25,5.96
2018-06-26,5.954
2018-06-27,5.975
2018-06-28,5.943
2018-06-29,5.97
2018-06-30,5.986
2018-07-01,6.003
2018-07-02,5.999
2018-07-03,5.981
2018-07-04,6.041
2018-07-05,6.013
2018-07-06,5.983
2018-07-07,5.993
2018-07-08,5.992
2018-07-09,5.985
2018-07-10,5.99
2018-07-11,5.994
2018-07-12,5.98
2018-07-13,5.995
2018-07-14,5.999
2018-07-15,6.012
2018-07-16,5.983
2018-07-17,5.979
2018-07-18,5.992
2018-07-19,5.992
2018-07-20,5.998
2018-07-21,6.01
2018-07-22,6.002
2018-07-23,5.957
2018-07-24,5.988
2018-07-25,5.969
2018-07-26,5.985
2018-07-27,6.0
2018-07-28,5.998
2018-07-29,5.995
2018-07-30,6.0
2018-07-31,6.005
2018-08-01,5.994
2018-08-02,5.987
2018-08-03,5.996
2018-08-04,5.996
2018-08-05,5.972
2018-08-06,5.972
2018-08-07,5.973
2018-08-08,6.0
2018-08-09,6.004
2018-08-10,5.991
2018-08-11,5.982
2018-08-12,5.985
2018-08-13,5.969
2018-08-14,5.957
2018-08-15,5.98
2018-08-16,5.989
2018-08-17,5.995
2018-08-18,5.987
2018-08-19,5.994
2018-08-20,5.994
2018-08-21,5.955
2018-08-22,5.932
2018-08-23,5.95
2018-08-24,5.999
2018-08-25,6.007
2018-08-26,5.981
2018-08-27,5.98
2018-08-28,5.976
2018-08-29,5.968
2018-08-30,5.982
2018-08-31,6.029
2018-09-01,6.025
2018-09-02,6.014
2018-09-03,6.006
2018-09-04,5.973
2018-09-05,5.971
2018-09-06,5.968
2018-09-07,5.952
2018-09-08,5.933
2018-09-09,5.946
2018-09-10,5.966
2018-09-11,5.969
2018-09-12,5.991
2018-09-13,5.944
2018-09-14,5.97
2018-09-15,5.987
2018-09-16,5.955
2018-09-17,5.969
2018-09-18,5.969
2018-09-19,5.976
2018-09-20,5.977
2018-09-21,5.975
2018-09-22,5.977
2018-09-23,5.971
2018-09-24,5.983
2018-09-25,5.996
2018-09-26,5.976
2018-09-27,5.92
2018-09-28,5.937
2018-09-29,5.98
2018-09-30,5.981
2018-10-01,5.987
2018-10-02,5.96
2018-10-03,5.948
2018-10-04,5.969
2018-10-05,5.967
2018-10-06,5.973
2018-10-07,5.949
2018-10-08,5.983
2018-10-09,5.991
2018-10-10,5.976
2018-10-11,5.975
2018-10-12,6.016
2018-10-13,6.006
2018-10-14,5.998
2018-10-15,5.984
2018-10-16,5.974
2018-10-17,5.971
2018-10-18,5.966
2018-10-19,5.964
2018-10-20,5.972
2018-10-21,5.97
2018-10-22,5.989
2018-10-23,5.988
2018-10-24,5.939
2018-10-25,5.945
2018-10-26,5.944
2018-10-27,5.908
2018-10-28,5.924
2018-10-29,5.926
2018-10-30,5.958
2018-10-31,6.002
2018-11-01,6.003
2018-11-02,5.991
2018-11-03,5.993
2018-11-04,5.996
2018-11-05,5.992
2018-11-06,6.024
2018-11-07,5.977
2018-11-08,5.923
2018-11-09,5.941
2018-11-10,5.936
2018-11-11,5.974
2018-11-12,5.985
2018-11-13,5.97
2018-11-14,5.977
2018-11-15,5.953
2018-11-16,5.977
2018-11-17,5.97
2018-11-18,5.976
2018-11-19,5.964
2018-11-20,5.967
2018-11-21,6.0
2018-11-22,6.086
2018-11-23,6.042
2018-11-24,5.996
2018-11-25,5.965
2018-11-26,5.975
2018-11-27,5.985
2018-11-28,6.012
2018-11-29,5.99
2018-11-30,6.015
2018-12-01,6.054
2018-12-02,6.019
2018-12-03,6.037
2018-12-04,6.01
2018-12-05,6.004
2018-12-06,6.005
2018-12-07,6.02
2018-12-08,6.008
2018-12-09,5.994
2018-12-10,6.001
2018-12-11,6.005
2018-12-12,6.006
2018-12-13,5.983
2018-12-14,6.025
2018-12-15,5.996
2018-12-16,5.989
2018-12-17,5.998
2018-12-18,5.997
2018-12-19,6.0
2018-12-20,6.001
2018-12-21,6.008
2018-12-22,6.013
2018-12-23,6.028
2018-12-24,6.152
2018-12-25,6.227
2018-12-26,6.057
2018-12-27,6.0
2018-12-28,6.009
2018-12-29,6.02
2018-12-30,6.019
2018-12-31,6.108
2019-01-01,6.095
2019-01-02,6.007
2019-01-03,6.002
2019-01-04,5.983
2019-01-05,5.984
2019-01-06,5.991
2019-01-07,5.972
2019-01-08,5.947
2019-01-09,5.967
2019-01-10,5.964
2019-01-11,5.98
2019-01-12,5.973
2019-01-13,5.989
2019-01-14,5.977
2019-01-15,5.998
2019-01-16,5.955
2019-01-17,5.963
2019-01-18,5.966
2019-01-19,5.972
2019-01-20,5.97
2019-01-21,5.967
2019-01-22,5.947
2019-01-23,5.954
2019-01-24,5.956
2019-01-25,5.941
2019-01-26,5.959
2019-01-27,5.955
2019-01-28,5.975
2019-01-29,5.948
2019-01-30,5.96
2019-01-31,5.971
2019-02-01,5.994
2019-02-02,5.979
2019-02-03,5.977
2019-02-04,5.974
2019-02-05,5.967
2019-02-06,5.968
2019-02-07,5.975
2019-02-08,5.989
2019-02-09,5.991
2019-02-10,6.036
2019-02-11,6.02
2019-02-12,5.98
2019-02-13,5.985
2019-02-14,6.005
2019-02-15,5.933
2019-02-16,5.936
2019-02-17,5.959
2019-02-18,5.952
2019-02-19,5.962
2019-02-20,5.961
2019-02-21,5.946
2019-02-22,5.949
2019-02-23,5.945
2019-02-24,5.979
2019-02-25,5.976
2019-02-26,5.952
2019-02-27,5.9
2019-02-28,5.947
2019-03-01,5.96
2019-03-02,5.977
2019-03-03,5.973
2019-03-04,5.966
2019-03-05,5.951
2019-03-06,5.953
2019-03-07,5.969
2019-03-08,6.037
2019-03-09,5.98
2019-03-10,5.966
2019-03-11,5.958
2019-03-12,5.951
2019-03-13,5.915
2019-03-14,5.93
2019-03-15,5.835
2019-03-16,5.923
2019-03-17,5.945
2019-03-18,5.94
2019-03-19,5.964
2019-03-20,5.958
2019-03-21,5.958
2019-03-22,5.953
2019-03-23,5.945
2019-03-24,5.935
2019-03-25,5.942
2019-03-26,5.936
2019-03-27,5.971
2019-03-28,5.975
2019-03-29,5.985
2019-03-30,5.982
2019-03-31,5.969
2019-04-01,5.952
2019-04-02,5.944
2019-04-03,5.959
2019-04-04,5.984
2019-04-05,5.99
2019-04-06,5.976
2019-04-07,6.002
2019-04-08,5.988
2019-04-09,5.967
2019-04-10,5.969
2019-04-11,5.964
2019-04-12,5.997
2019-04-13,5.96
2019-04-14,5.995
2019-04-15,5.938
2019-04-16,5.96
2019-04-17,5.981
2019-04-18,5.959
2019-04-19,5.975
2019-04-20,5.98
2019-04-21,5.964
2019-04-22,5.983
2019-04-23,5.975
2019-04-24,5.992
2019-04-25,5.988
2019-04-26,5.997
2019-04-27,6.0
2019-04-28,5.978
2019-04-29,5.961
2019-04-30,5.973
2019-05-01,6.005
2019-05-02,5.984
2019-05-03,5.996
2019-05-04,5.979
2019-05-05,5.971
2019-05-06,5.969
2019-05-07,5.973
2019-05-08,5.963
2019-05-09,5.951
2019-05-10,5.972
2019-05-11,5.973
2019-05-12,6.044
2019-05-13,5.97
2019-05-14,5.943
2019-05-15,5.906
2019-05-16,5.909
2019-05-17,5.933
2019-05-18,5.976
2019-05-19,5.963
2019-05-20,5.962
2019-05-21,5.973
2019-05-22,5.971
2019-05-23,5.976
2019-05-24,5.982
2019-05-25,5.984
2019-05-26,5.989
2019-05-27,5.992
2019-05-28,5.979
2019-05-29,5.958
2019-05-30,5.978
2019-05-31,5.995
2019-06-01,6.015
2019-06-02,5.994
2019-06-03,5.994
2019-06-04,6.008
2019-06-05,5.987
2019-06-06,5.969
2019-06-07,5.985
2019-06-08,5.994
2019-06-09,5.979
2019-06-10,5.972
2019-06-11,5.963
2019-06-12,5.96
2019-06-13,5.964
2019-06-14,5.997
2019-06-15,5.988
2019-06-16,6.018
2019-06-17,5.979
2019-06-18,5.958
2019-06-19,5.96
2019-06-20,5.969
2019-06-21,5.99
2019-06-22,5.984
2019-06-23,5.97
2019-06-24,5.977
2019-06-25,5.957
2019-06-26,5.95
2019-06-27,5.966
2019-06-28,5.998
2019-06-29,5.976
2019-06-30,5.954
2019-07-01,5.961
2019-07-02,5.963
2019-07-03,5.961
2019-07-04,6.014
2019-07-05,5.989
2019-07-06,5.971
2019-07-07,5.994
2019-07-08,5.98
2019-07-09,5.977
2019-07-10,5.977
2019-07-11,5.979
2019-07-12,5.988
2019-07-13,5.973
2019-07-14,5.959
2019-07-15,5.926
2019-07-16,5.924
2019-07-17,5.937
2019-07-18,5.944
2019-07-19,5.974
2019-07-20,5.977
2019-07-21,5.976
2019-07-22,5.967
2019-07-23,5.972
2019-07-24,5.953
2019-07-25,5.949
2019-07-26,5.969
2019-07-27,5.943
2019-07-28,5.935
2019-07-29,5.924
2019-07-30,5.947
2019-07-31,5.946
2019-08-01,5.98
2019-08-02,5.963
2019-08-03,5.901
2019-08-04,5.76
2019-08-05,5.834
2019-08-06,5.9
2019-08-07,5.91
2019-08-08,5.936
2019-08-09,5.963
2019-08-10,5.894
2019-08-11,5.931
2019-08-12,5.962
2019-08-13,5.958
2019-08-14,5.95
2019-08-15,5.948
2019-08-16,5.975
2019-08-17,5.959
2019-08-18,5.94
2019-08-19,5.964
2019-08-20,5.956
2019-08-21,5.933
2019-08-22,5.967
2019-08-23,5.987
2019-08-24,5.981
2019-08-25,5.987
2019-08-26,5.995
2019-08-27,5.98
2019-08-28,5.962
2019-08-29,5.961
2019-08-30,5.972
2019-08-31,5.997
2019-09-01,5.985
2019-09-02,5.962
2019-09-03,5.925
2019-09-04,5.922
2019-09-05,5.958
2019-09-06,5.972
2019-09-07,5.973
2019-09-08,5.97
2019-09-09,5.961
2019-09-10,5.968
2019-09-11,5.955
2019-09-12,5.954
2019-09-13,5.962
2019-09-14,5.974
2019-09-15,5.948
2019-09-16,5.96
2019-09-17,5.971
2019-09-18,5.957
2019-09-19,5.951
2019-09-20,5.974
2019-09-21,5.992
2019-09-22,5.981
2019-09-23,5.988
2019-09-24,5.945
2019-09-25,5.931
2019-09-26,5.93
2019-09-27,5.981
2019-09-28,5.975
2019-09-29,5.958
2019-09-30,5.938
2019-10-01,5.954
2019-10-02,5.931
2019-10-03,5.953
2019-10-04,5.971
2019-10-05,5.964
2019-10-06,5.95
2019-10-07,5.936
2019-10-08,5.94
2019-10-09,5.934
2019-10-10,5.941
2019-10-11,5.972
2019-10-12,6.002
2019-10-13,5.948
2019-10-14,5.912
2019-10-15,5.937
2019-10-16,5.946
2019-10-17,5.959
2019-10-18,5.961
2019-10-19,5.958
2019-10-20,5.967
2019-10-21,5.958
2019-10-22,5.96
2019-10-23,5.953
2019-10-24,5.986
2019-10-25,5.989
2019-10-26,5.993
2019-10-27,5.957
2019-10-28,5.953
2019-10-29,5.952
2019-10-30,5.971
2019-10-31,5.979
2019-11-01,5.993
2019-11-02,5.996
2019-11-03,5.961
2019-11-04,5.961
2019-11-05,5.951
2019-11-06,5.962
2019-11-07,5.958
2019-11-08,5.983
2019-11-09,5.979
2019-11-10,5.966
2019-11-11,5.972
2019-11-12,5.962
2019-11-13,5.942
2019-11-14,5.958
2019-11-15,5.94
2019-11-16,5.963
2019-11-17,5.944
2019-11-18,5.937
2019-11-19,5.947
2019-11-20,5.972
2019-11-21,5.963
2019-11-22,5.966
2019-11-23,5.971
2019-11-24,5.967
2019-11-25,5.987
2019-11-26,6.003
2019-11-27,5.983
2019-11-28,6.066
2019-11-29,6.013
2019-11-30,6.016
2019-12-01,5.983
2019-12-02,5.985
2019-12-03,5.996
2019-12-04,6.016
2019-12-05,5.957
2019-12-06,5.951
2019-12-07,5.976
2019-12-08,5.959
2019-12-09,5.927
2019-12-10,5.946
2019-12-11,5.954
2019-12-12,5.959
2019-12-13,5.971
2019-12-14,5.985
2019-12-15,5.957
2019-12-16,5.947
2019-12-17,5.96
2019-12-18,5.927
2019-12-19,5.928
2019-12-20,5.983
2019-12-21,5.979
2019-12-22,5.964
2019-12-23,5.994
2019-12-24,6.104
2019-12-25,6.184
2019-12-26,6.044
2019-12-27,5.998
2019-12-28,5.969
2019-12-29,5.971
2019-12-30,5.969
2019-12-31,6.06
2020-01-01,6.07
2020-01-02,5.942
2020-01-03,5.783
2020-01-04,5.89
2020-01-05,5.89
2020-01-06,5.911
2020-01-07,5.882
2020-01-08,5.892
2020-01-09,5.928
2020-01-10,5.94
2020-01-11,5.945
2020-01-12,5.943
2020-01-13,5.976
2020-01-14,5.96
2020-01-15,5.964
2020-01-16,5.962
2020-01-17,5.981
2020-01-18,5.977
2020-01-19,5.975
2020-01-20,5.947
2020-01-21,5.915
2020-01-22,5.921
2020-01-23,5.928
2020-01-24,5.935
2020-01-25,5.925
2020-01-26,5.895
2020-01-27,5.935
2020-01-28,5.932
2020-01-29,5.93
2020-01-30,5.911
2020-01-31,5.908
2020-02-01,5.953
2020-02-02,5.982
2020-02-03,5.969
2020-02-04,5.953
2020-02-05,5.931
2020-02-06,5.939
2020-02-07,5.945
2020-02-08,5.95
2020-02-09,5.963
2020-02-10,5.995
2020-02-11,5.961
2020-02-12,5.962
2020-02-13,5.975
2020-02-14,6.04
2020-02-15,5.989
2020-02-16,5.989
2020-02-17,5.997
2020-02-18,5.96
2020-02-19,5.929
2020-02-20,5.951
2020-02-21,5.989
2020-02-22,5.986
2020-02-23,5.966
2020-02-24,5.956
2020-02-25,5.92
2020-02-26,5.909
2020-02-27,5.894
2020-02-28,5.891
2020-02-29,5.922
2020-03-01,5.95
2020-03-02,5.925
2020-03-03,5.919
2020-03-04,5.902
2020-03-05,5.886
2020-03-06,5.908
2020-03-07,5.909
2020-03-08,5.955
2020-03-09,5.864
2020-03-10,5.858
2020-03-11,5.787
2020-03-12,5.713
2020-03-13,5.723
2020-03-14,5.774
2020-03-15,5.783
2020-03-16,5.748
2020-03-17,5.749
2020-03-18,5.733
2020-03-19,5.748
2020-03-20,5.774
2020-03-21,5.8
2020-03-22,5.781
2020-03-23,5.754
2020-03-24,5.773
2020-03-25,5.807
2020-03-26,5.831
2020-03-27,5.827
2020-03-28,5.816
2020-03-29,5.805
2020-03-30,5.822
2020-03-31,5.819
2020-04-01,5.803
2020-04-02,5.822
2020-04-03,5.836
2020-04-04,5.85
2020-04-05,5.837
2020-04-06,5.838
2020-04-07,5.872
2020-04-08,5.861
2020-04-09,5.862
2020-04-10,5.879
2020-04-11,5.885
2020-04-12,5.902
2020-04-13,5.865
2020-04-14,5.873
2020-04-15,5.877
2020-04-16,5.893
2020-04-17,5.879
2020-04-18,5.882
2020-04-19,5.879
2020-04-20,5.877
2020-04-21,5.891
2020-04-22,5.894
2020-04-23,5.908
2020-04-24,5.914
2020-04-25,5.901
2020-04-26,5.912
2020-04-27,5.904
2020-04-28,5.897
2020-04-29,5.91
2020-04-30,5.923
2020-05-01,5.938
2020-05-02,5.907
2020-05-03,5.894
2020-05-04,5.903
2020-05-05,5.899
2020-05-06,5.907
2020-05-07,5.871
2020-05-08,5.896
2020-05-09,5.927
2020-05-10,5.958
2020-05-11,5.911
2020-05-12,5.901
2020-05-13,5.896
2020-05-14,5.91
2020-05-15,5.932
2020-05-16,5.925
2020-05-17,5.917
2020-05-18,5.916
2020-05-19,5.972
2020-05-20,5.972
2020-05-21,5.937
2020-05-22,5.942
2020-05-23,5.928
2020-05-25,5.931
2020-05-26,5.87
2020-05-27,5.822
2020-05-28,5.757
2020-05-29,5.659
2020-05-30,5.672
2020-05-31,5.628
2020-06-01,5.659
2020-06-02,5.675
2020-06-03,5.693
2020-06-04,5.717
2020-06-05,5.745
2020-06-06,5.779
2020-06-07,5.797
2020-06-08,5.79
2020-06-09,5.814
2020-06-10,5.835
2020-06-11,5.827
2020-06-12,5.855
2020-06-13,5.857
2020-06-14,5.823
2020-06-15,5.819
2020-06-16,5.848
2020-06-17,5.852
2020-06-18,5.844
2020-06-19,5.875
2020-06-20,5.836
2020-06-21,5.936
2020-06-22,5.893
2020-06-23,5.826
2020-06-24,5.85
2020-06-25,5.872
2020-06-26,5.893
2020-06-27,5.888
2020-06-28,5.876
2020-06-29,5.859
2020-06-30,5.886
2020-07-01,5.895
2020-07-02,5.87
2020-07-03,5.88
2020-07-04,5.93
2020-07-05,5.896
2020-07-06,5.869
2020-07-07,5.896
2020-07-08,5.901
2020-07-09,5.9
2020-07-10,5.927
2020-07-11,5.918
2020-07-12,5.911
2020-07-13,5.935
2020-07-14,5.908
2020-07-15,5.885
2020-07-16,5.892
2020-07-17,5.899
2020-07-18,5.919
2020-07-19,5.914
2020-07-20,5.902
2020-07-21,5.913
2020-07-22,5.925
2020-07-23,5.974
2020-07-24,5.948
2020-07-25,5.958
2020-07-26,5.95
2020-07-27,5.913
2020-07-28,5.896
2020-07-29,5.919
2020-07-30,5.912
2020-07-31,5.933
2020-08-01,5.953
2020-08-02,5.93
2020-08-03,5.918
2020-08-04,5.898
2020-08-05,5.912
2020-08-06,5.914
2020-08-07,5.945
2020-08-08,6.011
2020-08-09,6.005
2020-08-10,5.912
2020-08-11,5.926
2020-08-12,5.931
2020-08-13,5.94
2020-08-14,5.926
2020-08-15,5.988
2020-08-16,5.963
2020-08-17,5.922
2020-08-18,5.935
2020-08-19,5.934
2020-08-20,5.913
2020-08-21,5.942
2020-08-22,5.941
2020-08-23,5.927
2020-08-24,5.896
2020-08-25,5.898
2020-08-26,5.83
2020-08-27,5.822
2020-08-28,5.895
2020-08-29,5.913
2020-08-30,5.895
2020-08-31,5.932
2020-09-01,5.979
2020-09-02,5.946
2020-09-03,5.911
2020-09-04,5.914
2020-09-05,5.912
2020-09-06,5.951
2020-09-07,5.943
2020-09-08,5.92
2020-09-09,5.871
2020-09-10,5.877
2020-09-11,5.946
2020-09-12,5.947
2020-09-13,5.911
2020-09-14,5.926
2020-09-15,5.944
2020-09-16,5.947
2020-09-17,5.947
2020-09-18,5.943
2020-09-19,5.926
2020-09-20,5.947
2020-09-21,5.955
2020-09-22,5.955
2020-09-23,5.909
2020-09-24,5.901
2020-09-25,5.94
2020-09-26,5.953
2020-09-27,5.946
2020-09-28,5.914
2020-09-29,5.883
2020-09-30,5.9
2020-10-01,5.954
2020-10-02,5.88
2020-10-03,5.886
2020-10-04,5.877
2020-10-05,5.86
2020-10-06,5.869
2020-10-07,5.885
2020-10-08,5.886
2020-10-09,5.875
2020-10-10,5.858
2020-10-11,5.862
2020-10-12,5.869
2020-10-13,5.89
2020-10-14,5.877
2020-10-15,5.849
2020-10-16,5.866
2020-10-17,5.867
2020-10-18,5.879
2020-10-19,5.847
2020-10-20,5.784
2020-10-21,5.791
2020-10-22,5.866
2020-10-23,5.92
2020-10-24,5.919
2020-10-25,5.918
2020-10-26,5.941
2020-10-27,5.919
2020-10-28,5.914
2020-10-29,5.939
2020-10-30,5.951
2020-10-31,5.954
2020-11-01,5.943
2020-11-02,5.937
2020-11-03,5.944
2020-11-04,5.867
2020-11-05,5.859
2020-11-06,5.888
2020-11-07,5.959
2020-11-08,5.935
2020-11-09,5.912
2020-11-10,5.923
2020-11-11,5.947
2020-11-12,5.929
2020-11-13,5.932
2020-11-14,5.944
2020-11-15,5.926
2020-11-16,5.958
2020-11-17,5.921
2020-11-18,5.921
2020-11-19,5.92
2020-11-20,5.962
2020-11-21,5.954
2020-11-22,5.963
2020-11-23,5.981
2020-11-24,6.0
2020-11-25,5.978
2020-11-26,6.059
2020-11-27,6.012
2020-11-28,6.01
2020-11-29,5.97
2020-11-30,6.003
2020-12-01,5.98
2020-12-02,5.982
2020-12-03,6.003
2020-12-04,5.999
2020-12-05,6.024
2020-12-06,6.071
2020-12-07,5.958
2020-12-08,5.957
2020-12-09,5.953
2020-12-10,5.937
2020-12-11,5.933
2020-12-12,5.982
2020-12-13,5.95
2020-12-14,5.943
2020-12-15,5.956
2020-12-16,5.945
2020-12-17,5.955
2020-12-18,5.971
2020-12-19,5.961
2020-12-20,5.952
2020-12-21,5.948
2020-12-22,5.955
2020-12-23,5.987
2020-12-24,6.14
2020-12-25,6.224
2020-12-26,6.019
2020-12-27,5.967
2020-12-28,5.941
2020-12-29,5.957
2020-12-30,5.948
2020-12-31,6.076
2021-01-01,6.072
2021-01-02,5.956
2021-01-03,5.902
2021-01-04,5.906
2021-01-05,5.917
2021-01-06,5.725
2021-01-07,5.757
2021-01-08,5.813
2021-01-09,5.854
2021-01-10,5.9
2021-01-11,5.907
2021-01-12,5.9
2021-01-13,5.896
2021-01-14,5.924
2021-01-15,5.951
2021-01-16,5.952
2021-01-17,5.953
2021-01-18,5.947
2021-01-19,5.958
2021-01-20,5.996
2021-01-21,5.966
2021-01-22,5.956
2021-01-23,5.964
2021-01-24,5.967
2021-01-25,5.973
2021-01-26,5.942
2021-01-27,5.93
2021-01-28,5.944
2021-01-29,5.972
2021-01-30,5.995
2021-01-31,6.032
2021-02-01,6.016
2021-02-02,5.973
2021-02-03,5.968
2021-02-04,5.972
2021-02-05,6.009
2021-02-06,5.999
2021-02-07,6.054
2021-02-08,6.033
2021-02-09,5.967
2021-02-10,5.968
2021-02-11,5.964
2021-02-12,5.958
2021-02-13,5.932
2021-02-14,6.029
2021-02-15,5.97
2021-02-16,5.961
2021-02-17,5.96
2021-02-18,5.984
2021-02-19,5.987
2021-02-20,5.925
2021-02-21,5.98
2021-02-22,5.971
2021-02-23,5.973
2021-02-24,5.986
2021-02-25,5.957
2021-02-26,5.963
2021-02-27,5.945
2021-02-28,5.947
2021-03-01,5.988
2021-03-02,5.951
2021-03-03,5.901
2021-03-04,5.981
2021-03-05,5.995
2021-03-06,5.989
2021-03-07,5.973
2021-03-08,6.031
2021-03-09,5.976
2021-03-10,5.968
2021-03-11,5.952
2021-03-12,5.989
2021-03-13,5.973
2021-03-14,5.968
2021-03-15,5.982
2021-03-16,5.967
2021-03-17,5.898
2021-03-18,5.946
2021-03-19,5.97
2021-03-20,5.977
2021-03-21,5.973
2021-03-22,5.98
2021-03-23,5.913
2021-03-24,5.968
2021-03-25,5.972
2021-03-26,6.006
2021-03-27,5.95
2021-03-28,5.963
2021-03-29,5.979
2021-03-30,5.964
2021-03-31,5.991
2021-04-01,5.99
2021-04-02,5.996
2021-04-03,5.996
2021-04-04,6.046
2021-04-05,5.995
2021-04-06,5.972
2021-04-07,5.986
2021-04-08,5.994
2021-04-09,5.966
2021-04-10,5.98
2021-04-11,6.005
2021-04-12,5.949
2021-04-13,5.956
2021-04-14,5.959
2021-04-15,5.938
2021-04-16,5.94
2021-04-17,5.95
2021-04-18,5.932
2021-04-19,5.966
2021-04-20,5.913
2021-04-21,5.934
2021-04-22,5.974
2021-04-23,5.987
2021-04-24,5.98
2021-04-25,5.964
2021-04-26,5.966
2021-04-27,5.956
2021-04-28,5.952
2021-04-29,5.975
2021-04-30,5.992
2021-05-01,6.002
2021-05-02,5.956
2021-05-03,5.959
2021-05-04,5.957
2021-05-05,5.972
2021-05-06,5.978
2021-05-07,5.99
2021-05-08,6.0
2021-05-09,6.037
2021-05-10,5.976
2021-05-11,5.94
2021-05-12,5.929
2021-05-13,5.964
2021-05-14,5.968
2021-05-15,5.928
2021-05-16,5.956
2021-05-17,5.953
2021-05-18,5.958
2021-05-19,5.973
2021-05-20,6.005
2021-05-21,6.035
2021-05-22,6.003
2021-05-23,6.028
2021-05-24,5.997
2021-05-25,5.99
2021-05-26,5.992
2021-05-27,6.001
2021-05-28,5.992
2021-05-29,6.012
2021-05-30,6.009
2021-05-31,6.014
2021-06-01,6.042
2021-06-02,6.02
2021-06-03,6.013
2021-06-04,6.007
2021-06-05,5.997
2021-06-06,5.982
2021-06-07,5.992
2021-06-08,6.006
2021-06-09,6.021
2021-06-10,6.023
2021-06-11,6.029
2021-06-12,5.997
2021-06-13,6.015
2021-06-14,6.01
2021-06-15,5.997
2021-06-16,5.998
2021-06-17,6.015
2021-06-18,6.043
2021-06-19,6.057
2021-06-20,6.082
2021-06-21,6.049
2021-06-22,6.013
2021-06-23,6.009
2021-06-24,6.013
2021-06-25,5.997
2021-06-26,6.009
2021-06-27,6.015
2021-06-28,6.017
2021-06-29,6.002
2021-06-30,6.004
2021-07-01,6.02
2021-07-02,6.013
2021-07-03,6.013
2021-07-04,6.047
2021-07-05,6.03
2021-07-06,6.022
2021-07-07,6.015
2021-07-08,6.029
2021-07-09,6.056
2021-07-10,6.032
2021-07-11,5.989
2021-07-12,5.973
2021-07-13,5.988
2021-07-14,6.007
2021-07-15,6.0
2021-07-16,6.004
2021-07-17,6.009
2021-07-18,6.0
2021-07-19,6.012
2021-07-20,6.005
2021-07-21,6.008
2021-07-22,6.015
2021-07-23,6.037
2021-07-24,6.025
2021-07-25,6.014
2021-07-26,6.041
2021-07-27,5.992
2021-07-28,5.996
2021-07-29,5.989
2021-07-30,5.994
2021-07-31,6.027
2021-08-01,6.044
2021-08-02,6.02
2021-08-03,6.007
2021-08-04,6.009
2021-08-05,6.011
2021-08-06,6.034
2021-08-07,6.055
2021-08-08,6.038
2021-08-09,6.024
2021-08-10,5.995
2021-08-11,5.997
2021-08-12,6.022
2021-08-13,6.003
2021-08-14,6.007
2021-08-15,5.966
2021-08-16,5.942
2021-08-17,5.968
2021-08-18,5.977
2021-08-19,5.977
2021-08-20,6.01
2021-08-21,6.012
2021-08-22,6.021
2021-08-23,6.008
2021-08-24,6.006
2021-08-25,6.002
2021-08-26,5.963
2021-08-27,6.0
2021-08-28,5.999
2021-08-29,5.993
2021-08-30,5.993
2021-08-31,6.014
2021-09-01,6.01
2021-09-02,5.995
2021-09-03,6.018
2021-09-04,6.036
2021-09-05,6.02
2021-09-06,6.03
2021-09-07,6.012
2021-09-08,6.019
2021-09-09,5.999
2021-09-10,6.017
2021-09-11,6.034
2021-09-12,6.049
2021-09-13,6.037
2021-09-14,6.018
2021-09-15,6.013
2021-09-16,6.027
2021-09-17,6.034
2021-09-18,6.044
2021-09-19,6.029
2021-09-20,6.054
2021-09-21,6.034
2021-09-22,6.028
2021-09-23,6.039
2021-09-24,6.057
2021-09-25,6.051
2021-09-26,6.041
2021-09-27,6.038
2021-09-28,6.025
2021-09-29,6.029
2021-09-30,6.051
2021-10-01,6.057
2021-10-02,6.084
2021-10-03,6.037
2021-10-04,6.006
2021-10-05,6.033
2021-10-06,6.024
2021-10-07,6.031
2021-10-08,6.051
2021-10-09,6.067
2021-10-10,6.04
2021-10-11,6.047
2021-10-12,6.052
2021-10-13,6.042
2021-10-14,6.038
2021-10-15,6.049
2021-10-16,6.051
2021-10-17,6.043
2021-10-18,6.019
2021-10-19,6.029
2021-10-20,6.008
2021-10-21,6.03
2021-10-22,6.054
2021-10-23,6.06
2021-10-24,6.045
2021-10-25,6.032
2021-10-26,6.023
2021-10-27,6.026
2021-10-28,6.036
2021-10-29,6.055
2021-10-30,6.062
2021-10-31,6.087
2021-11-01,6.067
2021-11-02,6.05
2021-11-03,6.064
2021-11-04,6.077
2021-11-05,6.081
2021-11-06,6.048
2021-11-07,6.056
2021-11-08,6.059
2021-11-09,6.04
2021-11-10,6.032
2021-11-11,6.037
2021-11-12,6.054
2021-11-13,6.054
2021-11-14,6.068
2021-11-15,6.04
2021-11-16,6.034
2021-11-17,6.019
2021-11-18,6.028
2021-11-19,5.982
2021-11-20,6.031
2021-11-21,6.088
2021-11-22,6.067
2021-11-23,6.06
2021-11-24,6.052
2021-11-25,6.13
2021-11-26,6.084
2021-11-27,6.058
2021-11-28,6.04
2021-11-29,6.073
2021-11-30,6.06
2021-12-01,6.037
2021-12-02,6.079
2021-12-03,6.063
2021-12-04,6.084
2021-12-05,6.045
2021-12-06,6.049
2021-12-07,6.066
2021-12-08,6.041
2021-12-09,6.061
2021-12-10,6.077
2021-12-11,6.143
2021-12-12,6.057
2021-12-13,6.054
2021-12-14,6.032
2021-12-15,6.033
2021-12-16,6.038
2021-12-17,6.048
2021-12-18,6.054
2021-12-19,6.023
2021-12-20,6.032
2021-12-21,6.037
2021-12-22,6.051
2021-12-23,6.079
2021-12-24,6.219
2021-12-25,6.298
2021-12-26,6.13
2021-12-27,6.053
2021-12-28,6.03
2021-12-29,6.042
2021-12-30,6.039
2021-12-31,6.152
2022-01-01,6.15
2022-01-02,6.053
2022-01-03,6.034
2022-01-04,6.014
2022-01-05,5.987
2022-01-06,5.988
2022-01-07,6.007
2022-01-08,6.092
2022-01-09,6.038
2022-01-10,6.029
2022-01-11,6.027
2022-01-12,6.025
2022-01-13,6.018
2022-01-14,6.02
2022-01-15,6.044
2022-01-16,6.032
2022-01-17,6.048
2022-01-18,6.025
2022-01-19,6.033
2022-01-20,6.063
2022-01-21,6.059
2022-01-22,6.082
2022-01-23,6.091
2022-01-24,6.059
2022-01-25,6.063
2022-01-26,6.072
2022-01-27,6.065
2022-01-28,6.054
2022-01-29,6.089
2022-01-30,6.087
2022-01-31,6.08
2022-02-01,6.081
2022-02-02,6.066
2022-02-03,6.042
2022-02-04,6.054
2022-02-05,6.048
2022-02-06,6.047
2022-02-07,6.045
2022-02-08,6.059
2022-02-09,6.057
2022-02-10,6.061
2022-02-11,6.074
2022-02-12,6.082
2022-02-13,6.119
2022-02-14,6.147
2022-02-15,6.064
2022-02-16,6.057
2022-02-17,6.069
2022-02-18,6.052
2022-02-19,6.06
2022-02-20,6.07
2022-02-21,6.049
2022-02-22,6.056
2022-02-23,6.033
2022-02-24,5.895
2022-02-25,5.969
2022-02-26,5.978
2022-02-27,5.959
2022-02-28,5.981
2022-03-01,5.98
2022-03-02,5.985
2022-03-03,5.991
2022-03-04,5.997
2022-03-05,6.015
2022-03-06,6.008
2022-03-07,6.005
2022-03-08,6.051
2022-03-09,6.009
2022-03-10,6.015
2022-03-11,6.022
2022-03-12,6.045
2022-03-13,6.038
2022-03-14,6.041
2022-03-15,6.037
2022-03-16,6.029
2022-03-17,6.054
2022-03-18,6.057
2022-03-19,6.047
2022-03-20,6.04
2022-03-21,6.044
2022-03-22,6.045
2022-03-23,6.033
2022-03-24,6.036
2022-03-25,6.06
2022-03-26,6.073
2022-03-27,6.056
2022-03-28,6.018
2022-03-29,6.028
2022-03-30,6.029
2022-03-31,6.057
2022-04-01,6.066
2022-04-02,6.054
2022-04-03,6.049
2022-04-04,6.045
2022-04-05,6.055
2022-04-06,6.04
2022-04-07,6.053
2022-04-08,6.058
2022-04-09,6.04
2022-04-10,6.051
2022-04-11,6.03
2022-04-12,6.002
2022-04-13,6.014
2022-04-14,6.03
2022-04-15,6.04
2022-04-16,6.061
2022-04-17,6.078
2022-04-18,6.042
2022-04-19,6.039
2022-04-20,6.04
2022-04-21,6.044
2022-04-22,6.069
2022-04-23,6.077
2022-04-24,6.076
2022-04-25,6.065
2022-04-26,6.056
2022-04-27,6.052
2022-04-28,6.051
2022-04-29,6.069
2022-04-30,6.091
2022-05-01,6.086
2022-05-02,6.043
2022-05-03,5.983
2022-05-04,6.015
2022-05-05,6.026
2022-05-06,6.044
2022-05-07,6.054
2022-05-08,6.077
2022-05-09,6.013
2022-05-10,6.015
2022-05-11,6.001
2022-05-12,6.009
2022-05-13,6.011
2022-05-14,6.011
2022-05-15,6.009
2022-05-16,6.033
2022-05-17,6.029
2022-05-18,6.036
2022-05-19,6.044
2022-05-20,6.065
2022-05-21,6.048
2022-05-22,6.054
2022-05-23,6.043
2022-05-24,5.941
2022-05-25,5.893
2022-05-26,5.953
2022-05-27,5.986
2022-05-28,6.011
2022-05-29,6.013
2022-05-30,6.037
2022-05-31,6.027
2022-06-01,6.035
2022-06-02,6.016
2022-06-03,6.031
2022-06-04,6.046
2022-06-05,6.013
2022-06-06,6.009
2022-06-07,6.029
2022-06-08,6.011
2022-06-09,6.02
2022-06-10,6.05
2022-06-11,6.028
2022-06-12,6.026
2022-06-13,6.014
2022-06-14,6.019
2022-06-15,6.03
2022-06-16,6.027
2022-06-17,6.036
2022-06-18,6.049
2022-06-19,6.085
2022-06-20,6.042
2022-06-21,6.022
2022-06-22,6.015
2022-06-23,6.012
2022-06-24,5.918
2022-06-25,5.965
2022-06-26,6.003
2022-06-27,6.014
2022-06-28,5.979
2022-06-29,5.996
2022-06-30,6.018
2022-07-01,6.027
2022-07-02,6.026
2022-07-03,6.018
2022-07-04,6.018
2022-07-05,5.975
2022-07-06,5.986
2022-07-07,6.001
2022-07-08,6.015
2022-07-09,6.022
2022-07-10,6.024
2022-07-11,6.015
2022-07-12,6.027
2022-07-13,6.001
2022-07-14,6.002
2022-07-15,6.027
2022-07-16,6.046
2022-07-17,6.032
2022-07-18,6.018
2022-07-19,6.019
2022-07-20,6.008
2022-07-21,6.014
2022-07-22,6.039
2022-07-23,6.058
2022-07-24,6.056
2022-07-25,6.041
2022-07-26,6.035
2022-07-27,6.011
2022-07-28,6.002
2022-07-29,6.006
2022-07-30,6.024
2022-07-31,6.049
2022-08-01,6.046
2022-08-02,6.016
2022-08-03,6.03
2022-08-04,6.029
2022-08-05,6.028
2022-08-06,6.029
2022-08-07,6.028
2022-08-08,6.031
2022-08-09,6.005
2022-08-10,6.017
2022-08-11,6.001
2022-08-12,6.008
2022-08-13,6.026
2022-08-14,6.025
2022-08-15,6.037
2022-08-16,6.026
2022-08-17,6.011
2022-08-18,6.018
2022-08-19,6.029
2022-08-20,6.044
2022-08-21,6.026
2022-08-22,6.016
2022-08-23,6.005
2022-08-24,6.003
2022-08-25,6.008
2022-08-26,6.015
2022-08-27,6.029
2022-08-28,6.043
2022-08-29,6.028
2022-08-30,6.006
2022-08-31,6.028
2022-09-01,6.035
2022-09-02,6.032
2022-09-03,6.035
2022-09-04,6.035
2022-09-05,6.035
2022-09-06,6.017
2022-09-07,6.016
2022-09-08,6.001
2022-09-09,6.022
2022-09-10,6.033
2022-09-11,6.018
2022-09-12,6.02
2022-09-13,5.997
2022-09-14,6.006
2022-09-15,6.017
2022-09-16,6.025
2022-09-17,6.035
2022-09-18,6.012
2022-09-19,5.995
2022-09-20,5.996
2022-09-21,5.983
2022-09-22,6.002
2022-09-23,6.004
2022-09-24,6.017
2022-09-25,6.016
2022-09-26,6.013
2022-09-27,6.014
2022-09-28,6.002
2022-09-29,6.008
2022-09-30,6.021
2022-10-01,6.043
2022-10-02,6.009
2022-10-03,6.004
2022-10-04,6.007
2022-10-05,6.008
2022-10-06,6.005
2022-10-07,6.015
2022-10-08,6.058
2022-10-09,6.013
2022-10-10,6.004
2022-10-11,6.022
2022-10-12,6.009
2022-10-13,6.001
2022-10-14,6.019
2022-10-15,6.021
2022-10-16,6.014
2022-10-17,6.013
2022-10-18,6.018
2022-10-19,6.001
2022-10-20,6.0
2022-10-21,6.027
2022-10-22,6.035
2022-10-23,6.022
2022-10-24,6.029
2022-10-25,6.005
2022-10-26,6.01
2022-10-27,6.025
2022-10-28,6.02
2022-10-29,6.013
2022-10-30,5.998
2022-10-31,6.009
2022-11-01,5.993
2022-11-02,6.01
2022-11-03,5.994
2022-11-04,6.005
2022-11-05,6.02
2022-11-06,6.028
2022-11-07,6.031
2022-11-08,6.031
2022-11-09,6.018
2022-11-10,6.024
2022-11-11,6.047
2022-11-12,6.041
2022-11-13,6.037
2022-11-14,6.03
2022-11-15,6.021
2022-11-16,6.022
2022-11-17,6.021
2022-11-18,6.026
2022-11-19,6.041
2022-11-20,6.041
2022-11-21,6.017
2022-11-22,6.036
2022-11-23,6.016
2022-11-24,6.074
2022-11-25,6.038
2022-11-26,6.049
2022-11-27,6.038
2022-11-28,6.029
2022-11-29,6.037
2022-11-30,6.089
2022-12-01,6.051
2022-12-02,6.046
2022-12-03,6.058
2022-12-04,6.045
2022-12-05,6.039
2022-12-06,6.028
2022-12-07,6.047
2022-12-08,6.022
2022-12-09,6.025
2022-12-10,6.024
2022-12-11,6.031
2022-12-12,6.017
2022-12-13,6.043
2022-12-14,6.027
2022-12-15,6.025
2022-12-16,6.031
2022-12-17,6.049
2022-12-18,6.054
2022-12-19,6.025
2022-12-20,6.034
2022-12-21,6.033
2022-12-22,6.046
2022-12-23,6.041
2022-12-24,6.15
2022-12-25,6.251
2022-12-26,6.106
2022-12-27,6.063
2022-12-28,6.062
2022-12-29,6.056
2022-12-30,6.07
2022-12-31,6.149
2023-01-01,6.141
2023-01-02,6.052
2023-01-03,6.026
2023-01-04,6.026
2023-01-05,6.03
2023-01-06,6.028
2023-01-07,6.065
2023-01-08,6.024
2023-01-09,6.029
2023-01-10,6.034
2023-01-11,6.025
2023-01-12,6.015
2023-01-13,6.022
2023-01-14,6.005
2023-01-15,5.997
2023-01-16,5.999
2023-01-17,5.998
2023-01-18,5.995
2023-01-19,6.01
2023-01-20,6.028
2023-01-21,6.016
2023-01-22,5.999
2023-01-23,5.997
2023-01-24,5.998
2023-01-25,5.995
2023-01-26,6.012
2023-01-27,6.013
2023-01-28,6.015
2023-01-29,6.02
2023-01-30,6.018
2023-01-31,6.022
2023-02-01,6.047
2023-02-02,6.016
2023-02-03,6.026
2023-02-04,6.048
2023-02-05,6.07
2023-02-06,6.024
2023-02-07,6.007
2023-02-08,6.003
2023-02-09,6.01
2023-02-10,6.037
2023-02-11,6.037
2023-02-12,6.036
2023-02-13,6.03
2023-02-14,6.064
2023-02-15,6.017
2023-02-16,6.009
2023-02-17,6.026
2023-02-18,6.04
2023-02-19,6.03
2023-02-20,6.026
2023-02-21,6.033
2023-02-22,6.029
2023-02-23,6.019
2023-02-24,6.033
2023-02-25,6.007
2023-02-26,6.007
2023-02-27,6.008
2023-02-28,5.994
2023-03-01,6.011
2023-03-02,6.009
2023-03-03,6.023
2023-03-04,6.028
2023-03-05,6.015
2023-03-06,6.0
2023-03-07,5.989
2023-03-08,6.021
2023-03-09,6.012
2023-03-10,6.016
2023-03-11,6.003
2023-03-12,6.039
2023-03-13,6.034
2023-03-14,6.006
2023-03-15,6.001
2023-03-16,6.009
2023-03-17,6.031
2023-03-18,5.97
2023-03-19,6.005
2023-03-20,5.996
2023-03-21,5.999
2023-03-22,6.003
2023-03-23,6.008
2023-03-24,6.021
2023-03-25,6.032
2023-03-26,6.042
2023-03-27,5.989
2023-03-28,5.969
2023-03-29,5.999
2023-03-30,5.991
2023-03-31,6.023
2023-04-01,6.021
2023-04-02,6.03
2023-04-03,6.027
2023-04-04,5.997
2023-04-05,6.002
2023-04-06,5.989
2023-04-07,6.017
2023-04-08,6.027
2023-04-09,6.046
2023-04-10,6.002
2023-04-11,5.998
2023-04-12,5.999
2023-04-13,6.006
2023-04-14,6.018
2023-04-15,6.016
2023-04-16,6.011
2023-04-17,5.994
2023-04-18,6.0
2023-04-19,5.997
2023-04-20,5.999
2023-04-21,6.007
2023-04-22,6.044
2023-04-23,6.036
2023-04-24,6.027
2023-04-25,6.019
2023-04-26,6.019
2023-04-27,6.019
2023-04-28,6.034
2023-04-29,6.033
2023-04-30,6.034
2023-05-01,6.034
2023-05-02,6.014
2023-05-03,5.99
2023-05-04,6.006
2023-05-05,6.026
2023-05-06,6.036
2023-05-07,5.992
2023-05-08,5.996
2023-05-09,5.968
2023-05-10,5.97
2023-05-11,5.986
2023-05-12,6.016
2023-05-13,6.021
2023-05-14,6.054
2023-05-15,6.026
2023-05-16,6.021
2023-05-17,6.016
2023-05-18,6.03
2023-05-19,6.026
2023-05-20,6.044
2023-05-21,6.031
2023-05-22,6.03
2023-05-23,6.033
2023-05-24,6.025
2023-05-25,6.014
2023-05-26,6.032
